date,STATION CODE,LOCATIONS,STATE,Temp,D.O. (mg/l),PH,CONDUCTIVITY (Âµmhos/cm),B.O.D. (mg/l),NITRATENAN N+ NITRITENANN (mg/l),FECAL COLIFORM (MPN/100ml),TOTAL COLIFORM (MPN/100ml)Mean,year
2012-01-01,1393,DAMANGANGA AT D/S OF MADHUBAN,DAMAN & DIU,31.0,7.1,7.8,151.0,8.0,0.08,233.0,465.0,2012
2012-01-04,1150,DAMANGANGA AT KACHIGAON U\S AT GIDC WIER,GUJARAT,28.0,7.2,7.4,319.0,0.7,0.18,5.0,10.0,2012
2012-01-05,1865,RIVER DHADAR AT KOTHADA,GUJARAT,27.0,6.2,8.4,894.0,9.0,0.38,140.0,350.0,2012
2012-01-06,1149,KOLAK AT PATALIA BDG,GUJARAT,29.0,2.4,7.6,1500.0,6.2,1.31,3.0,13.0,2012
2012-01-07,1399,ZUARI AT D/S OF PT. WHERE KUMBARJRIA CANAL JOINS,GOA,31.0,5.9,7.2,52.0,2.1,0.08,233.0,90.0,2012
2012-01-10,1475,ZUARI AT PANCHAWADI,GOA,30.0,6.1,6.8,408.0,1.3,0.17,1300.0,3808.0,2012
2012-01-13,3181,RIVER ZUARI AT BORIM BRIDGE,GOA,30.0,5.5,6.9,143.0,1.3,0.09,4100.0,11113.0,2012
2012-01-15,3182,RIVER ZUARI AT MARCAIM JETTY,GOA,29.0,5.4,7.2,60.0,1.5,0.08,428.0,2309.0,2012
2012-01-16,1400,MANDOVI AT NEGHBOURHOOD OF PANAJI,GOA,29.0,5.8,7.2,34.0,5.3,0.17,855.0,3322.0,2012
2012-01-17,1476,"MANDOVI AT TONCA, MARCELA",GOA,29.0,5.9,6.7,125.0,1.5,0.14,1638.0,5793.0,2012
2012-01-18,3185,MANDOVI AT AMONA BRIDGE,GOA,28.0,6.4,6.7,175.0,1.3,0.1,772.0,3636.0,2012
2012-01-20,3186,RIVER MANDOVI AT IFFI JETTY,GOA,30.0,6.2,7.7,39.0,1.3,0.06,1296.0,4517.0,2012
2012-01-22,3187,MANDOVI NEAR HOTEL MARRIOT,GOA,30.0,6.1,7.8,39.0,1.5,0.06,1032.0,5840.0,2012
2012-01-23,1543,KALNA AT CHANDELNAN PERNEM,GOA,27.0,7.3,6.9,61.0,0.7,0.09,1430.0,4388.0,2012
2012-01-26,1548,RIVER ASSONORA AT ASSONORA,GOA,28.0,6.8,6.6,71.0,1.5,0.14,2495.0,3949.0,2012
2012-01-27,2276,"BICHOLIM VARAZAN NAGAR, BICHOLIM",GOA,29.0,7.4,6.5,129.0,2.3,0.49,5868.0,16691.0,2012
2012-01-28,2275,"RIVER CHAPORA NEAR ALORNA FORT ,PERNEM",GOA,28.0,7.0,6.8,503.0,1.6,0.66,965.0,2404.0,2012
2012-02-02,3189,RIVER CHAPORA AT SIOLIM,GOA,29.0,6.3,7.5,31.0,1.6,0.06,1466.0,4267.0,2012
2012-02-04,1546,KHANDEPAR AT OPA NAN PONDA,GOA,29.0,7.1,6.8,70.0,0.8,0.17,716.0,3567.0,2012
2012-02-05,2270,"KHANDEPAR AT CODLI NR BDG, U/S OPA WATERWORKS,SANGUEM",GOA,30.0,7.3,6.8,69.0,1.2,0.12,457.0,2446.0,2012
2012-02-06,2272,"RIVER KUSHAWATI NEAR BUND AT KEVONA,RIVON,SANGUEM",GOA,28.0,6.7,6.6,118.0,1.0,0.22,1104.0,3496.0,2012
2012-02-10,1545,RIVER MADAI AT DABOS NAN  VALPOI,GOA,28.0,7.4,6.8,80.0,1.3,0.06,274.0,1404.0,2012
2012-02-11,2274,RIVER MAPUSA ON CULVERT ON HIGHWAY MAPUSANANPANAJI,GOA,29.0,4.5,6.6,250.0,2.4,0.16,1572.0,5889.0,2012
2012-02-12,2271,"SAL PAZORKHONI, CUNCOLIM (NEAR CULVERT MARGAONAN CANACONA NATIONAL HIGHWAY)",GOA,28.0,6.1,6.9,74.0,1.8,0.19,1074.0,3937.0,2012
2012-02-13,2273,"RIVER SAL NEAR HOTEL LEELA MOBOR,CAVELOSSIM",GOA,30.0,5.9,7.3,44.0,1.6,0.14,962.0,2794.0,2012
2012-02-15,3183,"SAL AT KHAREBAND, MARGAO",GOA,30.0,2.4,6.5,195.0,4.8,0.35,7980.0,14217.0,2012
2012-02-16,3184,"SAL AT ORLIM BRIDGE, ORLIM",GOA,31.0,4.0,6.8,207.0,1.8,0.34,818.0,2280.0,2012
2012-02-18,3190,RIVER SINQUERIM (CANDOLIM SIDE NEAR BRIDGE),GOA,29.0,5.4,7.6,40.0,1.6,0.07,290.0,1330.0,2012
2012-02-19,3191,RIVER SINQUERIM NEAR NERUL TEMPLE,GOA,30.0,5.3,7.6,41.0,1.4,0.08,952.0,2517.0,2012
2012-02-20,1547,RIVER TALPONA AT CANACONA,GOA,29.0,7.0,6.9,54.0,0.8,0.21,667.0,3059.0,2012
2012-02-21,3188,RIVER TIRACOL AT TIRACOL,GOA,29.0,5.9,7.7,44.0,2.1,0.08,1200.0,831.0,2012
2012-02-22,1544,VALVANT AT SANKLI NAN BICHOLIM,GOA,29.0,7.1,6.5,60.0,1.7,0.13,2926.0,8163.0,2012
2012-02-24,2651,"AMBA AT D/S OF WAKEN BRIDGENANU/S OF JS PETROCHEMICALS, WAKENPHATA, ROHA",MAHARASHTRA,29.0,6.9,7.7,99.0,3.3,0.56,53.0,123.0,2012
2012-02-25,1461,BHATSA AT D/S OF PISE DAM NEAR PISE VILLAGE (ULHAS),MAHARASHTRA,30.0,6.6,7.9,123.0,3.2,0.52,44.0,104.0,2012
2012-02-27,2653,"BHATSA AT D/S OF LIBERTY OIL MILLS, SATNEL, SHAHAPUR,THANE",MAHARASHTRA,27.0,6.6,7.7,220.0,3.6,0.65,25.0,77.0,2012
2012-03-01,2654,"BHATSA AT U/S OF LIBERTY OIL MILLS, SATNEL, SHAHAPUR, THANE",MAHARASHTRA,27.0,6.8,7.7,219.0,3.4,0.63,23.0,75.0,2012
2012-03-02,1092,KALU AT ATALE VILLAGE,MAHARASHTRA,27.0,4.8,7.2,5429.0,8.4,2.08,177.0,408.0,2012
2012-03-03,2670,"KAN RIVER, NEAR SAKRI WATER WORKS, SAKRI, DHULE.",MAHARASHTRA,23.0,6.4,8.0,493.0,4.2,3.91,17.0,68.0,2012
2012-03-04,1152,KUNDALIKA AT ROHA CITY,MAHARASHTRA,29.0,6.8,7.6,100.0,3.0,0.54,124.0,295.0,2012
2012-03-05,2198,KUNDALIKA RIVER AT ARE KHURD ( SALINE ZONE ),MAHARASHTRA,29.0,6.7,7.5,316.0,4.6,0.6,47.0,132.0,2012
2012-03-06,2672,"KUNDALIKA AT DHATAV AT JACKWELL (DRINKING WATER  PUMPING STATIONNANSWEET ZONE), ROHA",MAHARASHTRA,29.0,6.9,7.7,84.0,3.1,0.42,69.0,168.0,2012
2012-03-07,2676,"MUCHKUNDI RIVER AT  WAKED, NEAR M/S ASAHI INDIA GLASS LTD., LANJA, RATNAGIRI.",MAHARASHTRA,28.0,6.9,7.9,312.0,2.7,1.58,4.0,107.0,2012
2012-03-08,1151,PATALGANGA AT SHILPHATA,MAHARASHTRA,29.0,6.8,7.5,146.0,3.0,0.6,124.0,241.0,2012
2012-03-09,1462,PATALGANGA NEAR INTAKE OF MIDC W/W,MAHARASHTRA,29.0,6.7,7.3,127.0,2.9,0.59,100.0,209.0,2012
2012-03-10,2685,"PATALGANGA RIVER AT D/S OF KHARPADA BRIDGE, RAIGAD.",MAHARASHTRA,29.0,5.6,6.9,432.0,4.5,1.72,58.0,173.0,2012
2012-03-11,2686,"PATALGANGA RIVER AT VYAL PUMP HOUSE , KHALAPUR, RAIGAD.",MAHARASHTRA,29.0,6.5,7.3,126.0,3.0,0.59,132.0,284.0,2012
2012-03-12,2687,"PATALGANGA RIVER AT KHALAPUR PUMPING STATION, KHALAPUR, RAIGAD.",MAHARASHTRA,30.0,7.1,7.5,128.0,3.0,0.6,136.0,297.0,2012
2012-03-14,2688,"PATALGANGA RIVER AT SAVROLI BRIDGE, KHALAPUR, RAIGAD.",MAHARASHTRA,30.0,6.4,7.3,129.0,3.1,0.6,68.0,191.0,2012
2012-03-16,2689,"PATALGANGA AT GAGANGIRI MAHARAJ TEMPLE, KHOPOLI, RAIGAD.",MAHARASHTRA,29.0,6.9,7.7,129.0,2.9,0.55,135.0,268.0,2012
2012-03-17,2696,"PEHLAR DAM ON PEHLAR INLET OF WATER WORKS, VASAI, THANE.",MAHARASHTRA,25.0,7.0,7.9,153.0,2.9,0.55,30.0,86.0,2012
2012-03-18,2199,SAVITRI RIVER AT OVALE VILLAGE.,MAHARASHTRA,30.0,6.4,7.6,10165.0,3.7,2.14,5.0,139.0,2012
2012-03-19,2701,"SAVITRI JACKWELL AT UPSA KENDRE, NANGALWADI, MAHAD, RAIGAD",MAHARASHTRA,30.0,6.9,7.7,307.0,2.8,3.6,4.0,123.0,2012
2012-03-20,2702,"SAVITRI RIVER AT SHEDAV DOH, MAHAD,RAIGAD",MAHARASHTRA,31.0,6.3,7.7,322.0,3.5,1.1,4.0,116.0,2012
2012-03-22,2703,"SAVITRI RIVER AT DADLI BRIDGE, DADLI, MAHAD, RAIGADH",MAHARASHTRA,30.0,6.5,7.5,5835.0,3.4,1.72,4.0,126.0,2012
2012-03-23,2704,"SAVITRI RIVER AT MUTHAVALI VILLAGE, MAHAD, RAIGADH",MAHARASHTRA,30.0,6.3,7.4,9245.0,4.7,2.0,4.0,134.0,2012
2012-03-24,2706,"SURYA RIVER, U/S OF SURYA DAM, DHAMMI, VIKRAMGAD, THANE",MAHARASHTRA,28.0,6.5,8.1,1907.0,4.0,0.55,46.0,115.0,2012
2012-03-26,2707,"SURYA AT MIDC PUMPING STN, GARVASHET, PALGHAR, THANE",MAHARASHTRA,28.0,7.0,8.0,1896.0,3.5,0.64,190.0,245.0,2012
2012-03-27,2708,"SURYA RIVER AT INTAKE OF VASAINANVIRAR W/S SCHEME, MASVAN, PALGHAR, THANE",MAHARASHTRA,28.0,7.0,8.0,206.0,2.9,0.56,31.0,74.0,2012
2012-03-28,2709,"TANSA RIVER NEAR ROAD BRIDGE, VILLAGE DAKEWALI, WADA, THANE",MAHARASHTRA,27.0,6.8,7.8,239.0,3.3,0.56,33.0,77.0,2012
2012-04-01,1093,ULHAS AT U/S OF NRC BUND AT MOHANE,MAHARASHTRA,27.0,6.4,7.6,152.0,3.2,0.96,62.0,142.0,2012
2012-04-02,1094,ULHAS AT U/S OF BADLAPUR,MAHARASHTRA,26.0,6.7,7.7,146.0,3.0,0.89,30.0,73.0,2012
2012-04-04,2162,ULHAS ATJAMBHUL WATER WORKS,MAHARASHTRA,27.0,6.7,7.6,137.0,2.9,0.76,24.0,64.0,2012
2012-04-05,2712,"VAITARNA NR RD BDG, GANDHARE VILLAGE, WADA, THANE.",MAHARASHTRA,28.0,6.6,7.8,228.0,3.5,0.57,30.0,79.0,2012
2012-04-06,2164,VASHISTI AT U/S OF THREE M PAPER MILLS NEAR M/S MULTIFILMS PLASTIC PVT. LTD. AT KHERDI.,MAHARASHTRA,23.0,7.0,7.7,409.0,2.4,0.93,4.0,112.0,2012
2012-04-07,2713,"VASHISHTI  AT D/S OF THREE M PAPER MILLS NR CHIPLUN WATER INTAKE JACKWELL,KHERDI,RATNAGIRI",MAHARASHTRA,22.0,6.8,7.6,263.0,2.9,0.81,4.0,123.0,2012
2012-04-09,2714,"VASHISHTI RIVER AT U/S OF POPHALI NEAR KONPHANSAWANE BRIDGE, CHIPLUN, RATNAGIRI",MAHARASHTRA,23.0,6.9,7.5,338.0,2.3,3.93,4.0,108.0,2012
2012-04-10,1342,ACHENKOIL AT THUMPAMON,KERALA,26.0,7.0,7.2,79.0,0.8,0.62,279.0,637.0,2012
2012-04-11,1443,ACHENKOIL AT CHENNITHULA,KERALA,26.0,6.6,7.0,67.0,1.1,0.53,275.0,670.0,2012
2012-04-12,3465,"ACHENKOIL AT KALLARAKADAVU, PATHANAMTHITTA",KERALA,26.0,6.6,7.3,59.0,0.7,0.57,281.0,541.0,2012
2012-04-13,3466,"ACHENKOIL AT PANDALAM (NEAR AYYAPPA TEMPLE),PATHANAMTHITTA",KERALA,26.0,6.2,7.3,66.0,0.8,0.55,303.0,609.0,2012
2012-04-14,2297,ANCHARAKANDY AT MERUVAMBA,KERALA,26.0,7.1,7.0,67.0,1.0,0.34,170.0,538.0,2012
2012-04-15,2319,ANCHARAKANDY AT MERUVAMBA,KERALA,26.0,7.0,6.7,5341.0,1.1,0.37,158.0,528.0,2012
2012-04-16,2286,R AYROOR AT AYROOR BRIDGE,KERALA,29.0,6.7,7.3,89.0,1.1,0.35,1163.0,2025.0,2012
2012-04-17,2331,BHARATHAPUZHA AT KUTTIPPURAM,KERALA,28.0,6.2,7.3,136.0,1.0,0.46,296.0,676.0,2012
2012-04-18,2332,R BHARATHAPUZHA AT PATTAMBI,KERALA,28.0,7.1,8.1,212.0,0.9,0.56,524.0,992.0,2012
2012-04-19,1154,CHALAKUDY AT PULICKALKANANDAVU,KERALA,29.0,6.3,6.3,134.0,1.2,0.67,224.0,780.0,2012
2012-04-20,20,CHALIYAR AT KOOLIMADU,KERALA,26.0,7.3,7.2,76.0,0.6,0.31,468.0,893.0,2012
2012-04-21,21,CHALIYAR AT CHUNGAPALLY,KERALA,26.0,7.0,7.3,11041.0,0.9,0.29,256.0,503.0,2012
2012-04-22,3464,"CHALIYAR AT NILAMBUR, MALAPPURAM",KERALA,28.0,6.8,7.1,75.0,0.8,0.5,693.0,1169.0,2012
2012-04-23,1572,CHANDRAGIRI AT PADIYATHADKA,KERALA,29.0,7.4,7.2,61.0,0.7,0.11,54.0,255.0,2012
2012-04-24,2295,R CORAPUZHA AT KANAYANKODE,KERALA,26.0,6.1,7.5,14083.0,1.4,0.25,920.0,2686.0,2012
2012-04-25,1564,"R ITHIKKARA AT AYUR, KERALA",KERALA,26.0,6.6,7.2,92.0,0.8,0.77,332.0,660.0,2012
2012-04-26,2287,R ITHIKKARA AT ITHIKKARA,KERALA,25.0,6.6,7.2,1348.0,0.8,1.01,392.0,810.0,2012
2012-04-27,1566,R KADALUNDI AT THIRURANGADY,KERALA,29.0,6.0,6.7,95.0,1.2,0.29,253.0,680.0,2012
2012-04-28,2293,R KADALUNDI AT HAJIRAPPALLY,KERALA,29.0,6.6,6.8,78.0,1.0,0.2,275.0,626.0,2012
2012-05-01,42,"KALLADA AT PERUMTHOTTAM KADAVU, PUNALOOR",KERALA,25.0,7.1,7.2,61.0,1.0,0.34,251.0,608.0,2012
2012-05-02,3460,"KALPATHI PUZHA AT KALPATHI, PALAKKAD",KERALA,27.0,6.6,8.0,310.0,1.1,0.54,517.0,783.0,2012
2012-05-03,3458,KARAPUZHA DAM AT WAYANAD,KERALA,27.0,7.0,7.1,97.0,0.8,0.35,45.0,77.0,2012
2012-05-04,1571,R KARINGODE AT KAKKADAVU,KERALA,29.0,7.3,7.0,51.0,0.7,0.18,65.0,258.0,2012
2012-05-05,3471,"RIVER KARAMANA AT ARUVIKARA, THIRUVANANTHAPURAM",KERALA,29.0,7.0,7.4,55.0,0.9,0.32,800.0,1400.0,2012
2012-05-06,2289,R KARUVANNURR AT KARUVANNUR BRIDGE,KERALA,29.0,6.1,6.8,67.0,1.1,0.58,80.0,394.0,2012
2012-05-07,2301,R KAVVAI AT KUTTIYOL PALAM,KERALA,27.0,7.0,6.7,61.0,1.3,0.28,168.0,248.0,2012
2012-05-08,2291,KEECHERI AT VADAKKANCHERY BDG,KERALA,30.0,5.2,6.9,81.0,1.5,0.37,71.0,465.0,2012
2012-05-10,2326,R KORAYAR AT KANJIKODE,KERALA,27.0,6.1,8.0,510.0,1.1,0.72,784.0,1572.0,2012
2012-05-12,1569,R KUPPAM AT THALIPARAMBA,KERALA,27.0,6.5,6.9,12150.0,1.8,0.52,711.0,1481.0,2012
2012-05-13,2298,R KUPPAM AT RAYAROM,KERALA,25.0,7.9,7.2,50.0,1.1,0.3,319.0,845.0,2012
2012-05-14,1567,R KUTTIYADE AT KUTTIYADY ESTATE,KERALA,25.0,7.5,6.9,34.0,0.9,0.14,110.0,256.0,2012
2012-05-15,1568,"R MAHE AT VALAYAM, KERALA",KERALA,26.0,7.0,7.4,72.0,1.0,0.38,496.0,897.0,2012
2012-05-16,2285,R MAMOM AT MAMOM BRIDGE,KERALA,29.0,7.3,7.3,99.0,0.9,0.23,1088.0,1788.0,2012
2012-05-17,1340,MANIMALA  AT KALLOOPARA,KERALA,27.0,7.5,6.9,125.0,1.6,0.45,970.0,1400.0,2012
2012-05-18,1384,MANIMALA AT THONDRA,KERALA,27.0,6.8,6.9,116.0,1.7,0.4,825.0,1260.0,2012
2012-05-19,3459,"MANIYANKODE PUZHA AT MANIYANKODE BRIDGE, WAYANAD",KERALA,27.0,5.8,7.3,107.0,0.9,0.88,232.0,343.0,2012
2012-05-22,2307,R MANJESWAR AT BAJRAKKARA BR.,KERALA,28.0,7.1,7.2,85.0,0.8,0.31,67.0,184.0,2012
2012-05-23,1339,MEENACHIL AT KIDANGOOR,KERALA,26.0,6.8,7.1,58.0,0.7,0.46,2010.0,3460.0,2012
2012-05-24,2304,R MOGRAL AT MOGRAL BR.,KERALA,29.0,5.7,7.3,13197.0,1.5,0.35,46.0,144.0,2012
2012-05-25,43,MUVATTAPUZHA AT VETTIKKATTUMUKKU,KERALA,27.0,6.7,7.1,58.0,1.2,0.39,964.0,1739.0,2012
2012-05-27,2302,NEELASWARAM AT NAMBIARKAL ,KERALA,28.0,7.0,6.9,3453.0,0.9,0.17,56.0,278.0,2012
2012-05-28,1570,R NEELESWARAM AT HOSDURG,KERALA,29.0,6.5,7.0,14369.0,1.3,0.27,63.0,175.0,2012
2012-06-01,1563,R NEYYAR AT AMARAVILA,KERALA,28.0,6.6,7.3,70.0,1.4,0.39,838.0,1875.0,2012
2012-06-02,2284,R NEYYAR AT ARUVIPURAM,KERALA,29.0,7.0,7.3,60.0,0.8,0.18,631.0,1813.0,2012
2012-06-03,2288,R PALLICKAL AT NELLIMUKAL,KERALA,26.0,6.3,7.2,97.0,0.8,0.56,357.0,880.0,2012
2012-06-04,1156,PAMBA AT CHENGANNUR,KERALA,28.0,6.0,7.0,63.0,1.1,1.04,243.0,493.0,2012
2012-06-05,1341,PAMBA AT THAKAZHY,KERALA,28.0,4.4,7.1,113.0,1.5,1.17,358.0,722.0,2012
2012-06-06,1565,PAMBA DOWN,KERALA,28.0,4.5,7.2,79.0,1.0,1.04,279.0,537.0,2012
2012-06-07,17,PERIYAR NEAR ALWAYENANELOOR,KERALA,28.0,5.1,6.9,1789.0,2.1,0.68,408.0,1946.0,2012
2012-06-08,18,PERIYAR AT KALADY,KERALA,27.0,7.5,7.2,36.0,1.1,0.27,282.0,1134.0,2012
2012-06-09,1338,PERIYAR AT SEWAGE DISCHARGE POINT,KERALA,28.0,6.8,7.0,59.0,1.3,0.32,648.0,2267.0,2012
2012-06-10,2333,PERIYAR AT MUPPATHADAM,KERALA,28.0,6.8,6.9,114.0,1.4,0.23,388.0,1785.0,2012
2012-06-11,2334,RIVER PERIYAR AT PATHALAM,KERALA,28.0,5.9,6.8,1108.0,2.2,0.62,386.0,1520.0,2012
2012-06-12,2335,R PERIYAR AT KALAMASSERY,KERALA,28.0,4.9,6.7,88.0,2.2,0.28,480.0,2200.0,2012
2012-06-14,2336,R PERIYAR AT PURAPPALLIKAVU,KERALA,28.0,6.8,6.9,1686.0,1.4,0.25,236.0,1223.0,2012
2012-06-15,3468,"PERIYAR AT KWA INTAKENAN ALUVA, ERNAKULAM",KERALA,28.0,7.1,6.9,45.0,1.2,0.29,451.0,1636.0,2012
2012-06-16,2300,PERUVAMBA AT CHANDAPPURA,KERALA,26.0,6.9,6.6,56.0,1.1,0.3,177.0,542.0,2012
2012-06-17,2303,R PULLUR AT PULLUR BR.,KERALA,28.0,6.5,6.3,49.0,1.0,0.22,87.0,323.0,2012
2012-06-18,2290,R PUZHACKAL AT PUZHACKAL BRIDGE,KERALA,29.0,4.9,6.6,169.0,2.1,0.76,250.0,1241.0,2012
2012-06-19,2305,R SHRIYA AT ANGADIMOGARU,KERALA,28.0,6.9,7.1,63.0,0.9,0.16,152.0,336.0,2012
2012-06-20,2296,THALLASSERY AT PATHIPPALAM,KERALA,26.0,6.6,6.7,69.0,0.8,0.38,185.0,464.0,2012
2012-06-21,2292,THIRUR AT THALAKKADATHUR BDG,KERALA,29.0,4.5,6.6,6381.0,2.1,0.34,196.0,435.0,2012
2012-06-22,2306,R UPPALA AT  UPPALA BR.,KERALA,29.0,6.2,7.2,9326.0,1.3,0.22,61.0,141.0,2012
2012-06-24,3473,"RIVER VALAPATTANAM AT PARASSINIKADAVU, KANNUR",KERALA,27.0,6.6,7.1,15158.0,1.1,0.26,126.0,810.0,2012
2012-06-25,1442,VAMANAPURAM,KERALA,29.0,6.3,7.3,74.0,1.2,0.29,725.0,1813.0,2012
2012-06-27,1448,NAGAVALLI AT THOTAPALLI REGULATOR,ANDHRA PRADESH,27.0,6.0,7.6,429.0,1.1,1.1,3.0,362.0,2012
2012-06-28,2352,"RIVER VAMSHADHARA, KALINGAPATNAM,VIZIANAGARAM",ANDHRA PRADESH,27.0,6.0,7.8,308.0,1.1,1.47,3.0,343.0,2012
2012-07-01,3080,"U/S OF KARAKAVAGU AT PALONCHA,  KHAMMAM",ANDHRA PRADESH,20.0,5.8,7.4,505.0,0.6,0.73,4.0,1517.0,2012
2012-07-03,3081,"D/S OF KARAKAVAGU AT PALONCHA,  KHAMMAM",ANDHRA PRADESH,24.0,6.1,7.5,465.0,0.5,0.34,4.0,1458.0,2012
2012-07-04,1444,KALI AT D/S WEST COAST PAPER MILL,KARNATAKA,28.0,6.4,7.1,183.0,2.3,0.62,209.0,398.0,2012
2012-07-05,2780,"KALI AT U/S OF WCPM, DANDELI",KARNATAKA,27.0,7.1,7.4,135.0,1.9,0.72,419.0,995.0,2012
2012-07-07,1894,KUMARADHARA NAN U/S OF UPPINAGADY TOWN B/C WITH RIVER NETHRAVATHI,KARNATAKA,32.0,6.7,7.2,103.0,1.0,0.52,11.0,70.0,2012
2012-07-08,1892,NETRAVATHI U/S OF DHARMASTALA AT WATER SUPPLY INTAKE POINT,KARNATAKA,30.0,6.8,7.1,106.0,1.0,0.52,13.0,137.0,2012
2012-07-09,2423,"BUDHABALANGA, D/S OF BARIPADA",ORISSA,22.0,7.8,7.9,213.0,1.5,0.35,7742.0,15083.0,2012
2012-07-10,2424,BUDHABALANGA AT BALASORE D/S,ORISSA,22.0,7.7,8.1,312.0,2.0,0.75,12675.0,32017.0,2012
2012-07-11,2425,"RIVER KERANDI(INTAKE WELL OF NALCO REFINARY, HAL, SUNABEDA)",ORISSA,24.0,6.9,7.6,99.0,1.6,1.39,3066.0,5395.0,2012
2012-07-12,2422,"NAGAVALLI AT PENTA U/S, JAYKAYPUR TOWN",ORISSA,27.0,7.3,8.0,230.0,1.6,0.69,2346.0,4348.0,2012
2012-07-14,1642,NAGAVALLI AT JAYKAYPUR D/S,ORISSA,26.0,6.8,8.1,264.0,2.6,1.16,2428.0,5142.0,2012
2012-07-15,1643,NAGAVALLI AT RAYAGADA D/S,ORISSA,25.0,7.2,8.1,272.0,3.1,1.46,2196.0,4586.0,2012
2012-07-16,1455,RUSHIKULYA AT GANJAM U/S,ORISSA,28.0,8.0,8.3,312.0,1.4,0.73,1618.0,4319.0,2012
2012-07-17,2426,VANSADHARA AT MUNIGUDA (D/S OF M/S VEDANTAALUMINA PROJECT),ORISSA,26.0,7.0,8.0,199.0,1.8,1.11,1503.0,3573.0,2012
2012-07-18,2427,VANSADHARA ATGUNUPUR (INTERSTATE BOUNDRY),ORISSA,28.0,7.2,8.1,201.0,1.6,0.36,1239.0,2324.0,2012
2012-07-19,1685,ARASALAR RIVER KARAIKAL REGION,PONDICHERRY,31.0,6.8,7.8,505.0,2.1,0.02,233.0,465.0,2012
2012-07-20,2444,CORINGA RIVER,PONDICHERRY,25.0,6.5,7.9,11170.0,3.0,0.3,233.0,465.0,2012
2012-07-21,2442,GAUTAMINANGODAVARI RIVER,PONDICHERRY,25.0,6.9,7.4,4990.0,3.0,0.37,233.0,465.0,2012
2012-07-23,2443,GAUTAMINANGODAVARI RIVER,PONDICHERRY,25.0,6.8,8.1,1516.0,1.8965,0.28,233.0,465.0,2012
2012-07-24,1450,PALAR AT VANIYAMBADI WATER SUPPLY HEAD WORK,TAMILNADU,27.0,6.8,7.5,890.0,2.1,0.51,274.0,589.0,2012
2012-07-25,1159,TAMBIRAPARANI AT BDG.NR. MADURA COATS LTD. PAPAVINASAM,TAMILNADU,23.0,7.3,7.6,160.0,1.9,0.06,32.0,89.0,2012
2012-07-26,1160,"TAMBIRAPARANI AT CHERANMADEVI,CAUSE WAY",TAMILNADU,25.0,7.0,7.7,111.0,2.2,0.08,53.0,131.0,2012
2012-07-27,1161,"TAMBIRAPARANI AT TIRUNELVELI,COLLECTORATE",TAMILNADU,26.0,6.7,7.7,139.0,3.1,0.22,123.0,300.0,2012
2012-07-28,1162,TAMBIRAPARANI AT MURAPPANADU,TAMILNADU,29.0,7.2,7.2,288.0,2.1,0.14,33.0,91.0,2012
2012-08-01,1328,TAMBIRAPARANI AT PAPPANKULAM,TAMILNADU,24.0,7.0,7.1,95.0,1.9,0.08,47.0,118.0,2012
2012-08-03,1329,TAMBIRAPARANI AT RAIL BDG. ,TAMILNADU,24.0,7.0,7.5,84.0,1.7,0.06,32.0,87.0,2012
2012-08-04,1330,TAMBIRAPARANI AT ARUMUGANERI,TAMILNADU,29.0,7.4,7.0,3101.0,15.6,0.15,76.0,174.0,2012
2012-08-05,3025,"TAMBIRAPARANI AT ERAL, THOTHUKUDI",TAMILNADU,29.0,7.2,7.3,510.0,2.9,0.08,46.0,123.0,2012
2012-08-06,3026,"TAMBIRAPARANI AT KALLIDAI KURICHI, TIRUNELVELI",TAMILNADU,24.0,7.1,7.4,88.0,1.8,0.07,34.0,90.0,2012
2012-08-07,3027,"TAMBIRAPARANI AT SRIVAIKUNTAM, D/S OF SK ANAICUT, TIRUNELVELI",TAMILNADU,29.0,7.2,6.9,338.0,3.8,0.07,44.0,104.0,2012
2012-08-08,3028,"TAMBIRAPARANI AT VELLAKOIL, TIRUNELVELI",TAMILNADU,26.0,6.7,7.6,162.0,3.3,0.16,90.0,249.0,2012
2012-08-10,3029,"TAMBIRAPARANI AT SIVALAPERI, CONFLUENCE POINT OF KUTTRALAM FALLS, D/S OF PALAYAMKOTTAI, TIRUNELVELI",TAMILNADU,27.0,6.7,7.6,182.0,4.1,0.15,92.0,251.0,2012
2012-08-11,1885,GHAGGAR AT D/S OF SURAJPUR,HARYANA,27.0,6.8,8.0,414.0,3.1,0.88,233.0,465.0,2012
2012-08-12,1023,GHAGGAR AT MUBARAKPUR REST HOUSE (PATIALA),PUNJAB,21.0,5.5,7.4,635.0,8.8,5.08,1400.0,5500.0,2012
2012-08-13,1024,GHAGGAR AT 100M D/S CONF. WITH R. SARASWATI (PATIALA),PUNJAB,24.0,5.5,7.4,1051.0,25.0,6.8,32000.0,63000.0,2012
2012-08-14,1295,"GHAGGAR NEAR BANKARPUR,DERA BASSI",PUNJAB,21.0,5.3,7.3,636.0,9.9,5.0,2150.0,10000.0,2012
2012-08-15,1473,"GHAGGAR AT RATANHERI, D/S OF PATIALA NADI (AFTER CONFL.)",PUNJAB,24.0,5.1,7.4,993.0,21.9,6.63,36250.0,57750.0,2012
2012-08-16,1698,GHAGGAR AT D/S CHHATBIR,PUNJAB,21.0,5.3,7.5,632.0,13.5,5.08,20000.0,34750.0,2012
2012-08-17,1699,GHAGGAR AT U/S DHAKANSU NALLAH,PUNJAB,18.0,4.9,7.4,973.0,17.5,4.77,22000.0,40667.0,2012
2012-08-18,1700,GHAGGAR AT D/S DHAKANSU NALLAH,PUNJAB,22.0,4.3,7.5,1156.0,24.5,7.65,33750.0,65000.0,2012
2012-08-19,1701,GHAGGAR AT D/S JHARMAL NADI,PUNJAB,22.0,4.8,7.4,904.0,26.0,8.6,31750.0,55000.0,2012
2012-08-20,1703,GHAGGAR AT MOONAK,PUNJAB,24.0,5.3,7.4,1290.0,26.9,8.1,36250.0,66250.0,2012
2012-08-21,1704,GHAGGAR AT D/S SARDULGARH,PUNJAB,22.0,4.9,7.4,990.0,27.8,6.78,19000.0,40500.0,2012
2012-08-22,1705,GHAGGAR AT U/S SARDULGARH,PUNJAB,22.0,5.2,7.4,914.0,20.5,6.18,14750.0,29500.0,2012
2012-08-23,1025,"GHAGGAR GHNAN1 AT ROAD BRDG. SIRSA,DEBWALI ROAD",HARYANA,27.0,6.4,7.9,1808.0,21.0,5.9,233.0,465.0,2012
2012-08-24,1026,GHAGGAR GHNAN2 AT CHANDARPUR ,HARYANA,27.0,6.6,7.8,1302.0,18.0,0.52,233.0,465.0,2012
2012-08-25,1887,GHAGGAR BEFORE OTTU WEIR (BEFORE MIXING OF SATLUJ CANAL ,HARYANA,27.0,6.4,8.0,1286.0,19.5,0.52,233.0,465.0,2012
2012-08-26,1718,GAGGAR RIVER WHEN ENTERING IN RAJASTHAN FROM HARYANA NEAR RD NO. 629,RAJASTHAN,33.0,4.8,7.5,280.0,2.4,0.72,3.0,4.0,2012
2012-08-27,1871,"RIVER MARKANDA AT PAONTA, DISTT. SIRMOUR",HIMACHAL PRADESH,20.0,7.7,7.4,344.0,1.2,0.37,9.0,19.0,2012
2012-08-28,2624,MARKANDA U/S KALA AMB,HIMACHAL PRADESH,20.0,7.3,7.0,310.0,1.4,0.38,13.0,22.0,2012
2012-09-01,2625,MARKANDA D/S KALA AMB/ BOUNDARY OF HARYANA,HIMACHAL PRADESH,20.0,7.1,7.7,303.0,1.5,0.34,13.0,23.0,2012
2012-09-02,1870,"RIVER SUKHANA AT PARWANOO, DISTT. SOLAN",HIMACHAL PRADESH,18.0,6.2,7.5,788.0,41.5,4.08,105.0,235.0,2012
2012-09-03,2947,"JAWAI AT JAWAI DAM, SIROHI",RAJASTHAN,24.0,6.0,8.3,468.0,1.4,0.43,5.0,16.0,2012
2012-09-04,1717,"KODRA DAM, MOUNT ABU",RAJASTHAN,19.0,5.9,7.3,234.0,1.5,0.36,4.0,12.0,2012
2012-09-05,2948,"BANDI AT HEMAWAS DAM, PAL",RAJASTHAN,23.0,6.4,8.0,527.0,1.2,0.35,5.0,21.0,2012
2012-09-06,2949,"RIVER LUNI AT RANAKPUR DAM, RANAKPUR, PALI",RAJASTHAN,24.0,5.9,7.9,796.0,1.5,0.48,4.0,14.0,2012
2012-09-07,3305,"BANJAR AT MALANJKHAND NR W/S INTAKE POINT, JABALPUR",MADHYA PRADESH,23.0,7.3,7.4,388.0,2.1,0.58,233.0,46.0,2012
2012-09-08,2869,BARAK RIVER AT SENAPATI DISTT,MANIPUR,28.0,8.5,7.5,166.0,2.7,0.52,233.0,31.0,2012
2012-09-09,2838,"BARAK RIVER NR NONEY VILL., TAMENGLONG",MANIPUR,29.0,8.9,7.0,125.0,1.9,0.52,233.0,45.0,2012
2012-09-11,2868,"CHAKPIAT CHAKPIKARONG, CHANDEL",MANIPUR,30.0,8.0,7.8,144.0,2.1,0.52,233.0,51.0,2012
2012-09-13,1424,IMPHAL AT MAHABALI,MANIPUR,30.0,7.5,7.7,87.0,1.2,0.52,233.0,54.0,2012
2012-09-15,1457,IMPHAL AT KOIRENGEI,MANIPUR,28.0,8.5,7.6,84.0,2.0,0.52,233.0,16.0,2012
2012-09-16,1627,IMPHAL AT KYAMGEI,MANIPUR,29.0,8.4,7.5,103.0,1.9,0.52,233.0,75.0,2012
2012-09-17,1628,IMPHAL AT MINUTHONG,MANIPUR,30.0,8.7,7.2,117.0,3.2,0.52,233.0,52.0,2012
2012-09-18,2861,"IMPHAL AT KANGLA MOAT, IMPHAL WEST",MANIPUR,29.0,6.5,7.7,287.0,8.2,0.52,233.0,114.0,2012
2012-09-19,2862,"IMPHAL AT SAMUROU, IMPHAL WEST",MANIPUR,28.0,8.6,7.5,130.0,4.6,0.52,233.0,39.0,2012
2012-09-20,2864,"IMPHAL AT SEKMAI, IMPHAL EAST",MANIPUR,28.0,8.9,7.5,109.0,1.2,0.52,233.0,33.0,2012
2012-09-21,2874,IRANG RIVER AT TAMENGLONG ,MANIPUR,30.0,9.8,8.4,246.0,1.2,0.52,233.0,10.0,2012
2012-09-24,1458,IRIL AT PORAMPET,MANIPUR,28.0,7.6,7.5,147.0,1.3,0.52,233.0,30.0,2012
2012-09-26,1624,IRIL AT LILONG,MANIPUR,29.0,8.7,7.6,202.0,1.2,0.52,233.0,60.0,2012
2012-09-27,2863,"IRIL AT KANGLA SIPHAI, IMPHAL EAST",MANIPUR,28.0,8.4,7.4,177.0,2.4,0.52,233.0,48.0,2012
2012-09-28,2873,"IRIL RIVER AT LILONG, UKHRUL",MANIPUR,29.0,8.7,7.6,203.0,2.5,0.52,233.0,59.0,2012
2012-10-01,2865,"JIRI RIVER AT JIRIMUKH JIRIBAM, IMPHAL EAST",MANIPUR,32.0,8.2,7.4,120.0,1.9,0.52,233.0,46.0,2012
2012-10-04,2866,"JIRI RIVER AT JIRI, IMPHAL EAST",MANIPUR,32.0,8.0,7.2,110.0,1.4,0.52,233.0,80.0,2012
2012-10-05,1925,KHUGA RIVER (CHURACHANDPUR),MANIPUR,30.0,8.4,7.6,213.0,1.5,0.52,233.0,20.0,2012
2012-10-06,2877,"KHUGA DAM ON KHUGA R, CHURACHANDPUR",MANIPUR,29.0,9.4,7.8,174.0,1.0,0.52,233.0,16.0,2012
2012-10-08,1926,"KHUJAIROK, MOREH (CHANDEL)",MANIPUR,31.0,8.1,8.0,244.0,2.4,0.52,233.0,73.0,2012
2012-10-10,2878,LOKCHAO RIVER AT BISHNUPUR,MANIPUR,29.0,8.1,8.0,162.0,1.8,0.52,233.0,26.0,2012
2012-10-11,2867,MAHA RIVER AT CHANDEL,MANIPUR,30.0,8.7,7.6,163.0,2.6,0.52,233.0,24.0,2012
2012-10-12,2852,"MANIPUR AT SEKMAIJAN, THOUBAL",MANIPUR,29.0,8.7,7.6,143.0,1.9,0.52,233.0,58.0,2012
2012-10-15,2857,MANIPUR RIVER AT THOUBAL,MANIPUR,30.0,9.2,7.6,208.0,1.9,0.52,233.0,30.0,2012
2012-10-16,2879,ETHAI BARRAGE ON MANIPUR R AT BISHNUPUR,MANIPUR,29.0,8.3,7.7,158.0,2.0,0.52,233.0,48.0,2012
2012-10-17,1625,NAMBUL RIVER AT HUMP BRIDGE,MANIPUR,29.0,5.9,7.1,338.0,6.6,0.52,233.0,522.0,2012
2012-10-18,1626,NAMBUL AT HEIRANGOITHONG,MANIPUR,30.0,4.3,7.4,269.0,12.3,0.52,233.0,412.0,2012
2012-10-19,2858,"NAMBUL RIVER AT SAMUSANG,IMPHAL WEST",MANIPUR,29.0,8.2,7.1,109.0,3.3,0.52,233.0,12.0,2012
2012-10-22,2860,"NAMBUL AT NAOREMTHONG, IMPHAL WEST",MANIPUR,29.0,7.4,7.1,116.0,2.7,0.52,233.0,55.0,2012
2012-10-24,2880,NAMBUL RIVER AT BISHNUPUR,MANIPUR,28.0,8.2,7.6,112.0,2.1,0.52,233.0,31.0,2012
2012-10-25,1927,"SEKMAI R, KAKCHING (THOUBAL)",MANIPUR,29.0,8.5,7.5,169.0,3.6,0.52,233.0,41.0,2012
2012-10-28,2854,"THOUBAL R AT PHADOM, THOUBAL",MANIPUR,29.0,8.9,7.6,221.0,1.7,0.52,233.0,30.0,2012
2012-11-01,2856,"THOUBAL RIVER AT YAIRIPOK, THOUBAL",MANIPUR,30.0,9.3,7.6,193.0,2.3,0.52,233.0,41.0,2012
2012-11-02,2870,"THOUBAL  AT SHONG KONG, UKHRUL",MANIPUR,28.0,9.1,7.3,217.0,3.9,0.52,233.0,67.0,2012
2012-11-03,2871,"THOUBAL  AT YONGUL KONG, UKHRUL",MANIPUR,28.0,7.9,7.3,131.0,0.8,0.52,233.0,38.0,2012
2012-11-04,2872,"THOUBAL AT LITAN, UKHRUL",MANIPUR,29.0,8.7,7.4,176.0,2.2,0.52,233.0,36.0,2012
2012-11-05,2855,"WANGJING AT HEIROK, THOUBAL",MANIPUR,30.0,8.1,7.3,199.0,2.2,0.52,233.0,56.0,2012
2012-11-06,2876,"WANGJING RIVER AT WANGJING, THOUBAL",MANIPUR,30.0,8.2,7.4,170.0,2.2,0.52,233.0,39.0,2012
2012-11-07,3383,"BUGI RIVER AT MIBANPARA, SOUTH GARO HILLS",MEGHALAYA,25.0,7.7,7.2,95.0,1.8,2.67,22.0,50.0,2012
2012-11-08,3384,"BUGI AT DALU, SOUTH GARO HILLS",MEGHALAYA,25.0,7.6,7.2,92.0,2.5,2.41,20.0,45.0,2012
2012-11-09,3380,"DAMRING RIVER (KRISHNEI RIVER) AT RESUBELPARA, EAST GARO HILLS",MEGHALAYA,25.0,9.9,7.2,65.0,1.5,2.31,21.0,55.0,2012
2012-11-10,1632,GANOL RIVER TURA,MEGHALAYA,24.0,7.6,7.4,93.0,2.1,2.89,276.0,408.0,2012
2012-11-13,3370,"KYNSHI  AT NANGKHNUM, WEST KHASI HILLS",MEGHALAYA,17.0,7.7,7.1,45.0,1.4,2.89,9.0,22.0,2012
2012-11-14,3371,"KYNSHI RIVER AT RANIKOR, WEST KHASI HILLS",MEGHALAYA,23.0,8.3,7.0,59.0,1.7,2.86,16.0,33.0,2012
2012-11-16,3376,LUKHA RIVER AT SUNAPUR (TRIBUTARY OF LUNAR),MEGHALAYA,25.0,7.7,6.3,250.0,2.1,3.88,180.0,326.0,2012
2012-11-19,3381,"MANDA RIVER (DUDHAI RIVER) AT JAMPA, EAST GARO HILLS",MEGHALAYA,25.0,8.8,7.3,37.0,1.5,1.62,15.0,35.0,2012
2012-11-20,3382,"MANDA RIVER (DUDHAI RIVER) AT WAGAISI, EAST GARO HILLS",MEGHALAYA,25.0,7.3,7.3,72.0,2.0,1.65,17.0,36.0,2012
2012-11-21,3377,"MYNTANG RIVER AT NARTIANG, JAYANTIA HILLS",MEGHALAYA,20.0,7.5,7.0,38.0,1.7,2.2,18.0,40.0,2012
2012-11-22,3378,"MYNTANG RIVER AT MYNSO, JAYANTIA HILLS",MEGHALAYA,22.0,7.8,7.1,44.0,1.6,2.62,15.0,33.0,2012
2012-11-23,1631,MYNTDU RIVER JOWAI,MEGHALAYA,20.0,7.0,7.0,100.0,2.4,3.03,1967.0,2600.0,2012
2012-11-24,3379,"MYNTDU RIVER AT LESHKA, JAYANTIA HILLS",MEGHALAYA,21.0,7.5,6.3,52.0,1.7,0.82,7.0,21.0,2012
2012-11-25,3368,"NONBAH RIVER AT NANGSTOIN MARKE, WEST KHASI HILLS",MEGHALAYA,17.0,7.5,7.1,39.0,1.4,2.88,12.0,22.0,2012
2012-11-26,3372,"RILANG AT MAWKYRWAT, WEST KHASI HILLS",MEGHALAYA,17.0,8.0,7.1,41.0,1.4,3.35,10.0,25.0,2012
2012-11-27,1633,SIMSANG RIVER WILLIAMNAGAR,MEGHALAYA,24.0,7.9,7.3,93.0,1.7,5.02,295.0,418.0,2012
2012-11-28,3353,"UMIAM MAWPHLANG RIVER AT NONGKREM, EAST KHASI HILLS",MEGHALAYA,18.0,7.5,6.9,69.0,1.9,4.92,20.0,49.0,2012
2012-12-01,3354,"UMIAM MAWPHLANG RIVER AT UMTYNGNGAR, EAST KHASI HILLS",MEGHALAYA,18.0,7.9,7.2,46.0,1.7,2.72,20.0,45.0,2012
2012-12-02,3355,"UMIAM MAWPHLANG RIVER AT MAWPHLANG, EAST KHASI HILLS",MEGHALAYA,18.0,8.0,7.2,42.0,1.4,2.47,5.0,31.0,2012
2012-12-03,3356,"UMIAM MAWPHLANG RIVER AT SHELLA, EAST KHASI HILLS",MEGHALAYA,25.0,7.7,7.1,101.0,1.5,3.42,16.0,43.0,2012
2012-12-04,3350,UMKHEN AT WAHKDAIT,MEGHALAYA,19.0,7.2,7.1,49.0,1.6,2.86,17.0,40.0,2012
2012-12-05,3351,UMKHEN AT KSEHPONGDENG,MEGHALAYA,21.0,8.2,7.1,49.0,1.2,2.81,15.0,32.0,2012
2012-12-06,3352,"UMKHEN AT DIENGPASOH, EAST KHASI HILLS",MEGHALAYA,21.0,7.8,7.1,58.0,1.5,2.97,19.0,43.0,2012
2012-12-07,3360,"UMKHRAH RIVER ATUMKALIAR, SHILLONG",MEGHALAYA,18.0,4.9,7.1,182.0,14.2,11.61,10417.0,15500.0,2012
2012-12-08,3362,"UMKHRAH RIVER AT MAWPDANG, MAWLAI",MEGHALAYA,19.0,2.5,7.1,382.0,37.2,11.81,53083.0,87167.0,2012
2012-12-09,3357,"UMNGOT RIVER AT SMIT, EAST KHASI HILLS",MEGHALAYA,18.0,8.0,7.0,48.0,1.4,3.8,17.0,41.0,2012
2012-12-10,3358,"UMNGOT RIVER AT DAWKI, EAST KHASI HILLS",MEGHALAYA,24.0,8.4,7.1,48.0,1.2,3.08,18.0,45.0,2012
2012-12-11,3363,"UMSHYRPI AT RISA COLONY, EAST KHASI HILLS",MEGHALAYA,17.0,6.8,6.6,49.0,1.9,3.07,18.0,38.0,2012
2012-12-12,3365,"UMSHYRPI AT UMSHYRPI BDG, EAST KHASI HILLS",MEGHALAYA,19.0,4.0,7.1,194.0,22.4,10.47,29500.0,45250.0,2012
2012-12-15,1427,UMTREW AT BYRNIHAT EAST,MEGHALAYA,24.0,7.7,7.2,107.0,6.6,3.02,285.0,425.0,2012
2012-12-17,3366,"UMTREW RIVER AT UMRAN, RINAN BHOI",MEGHALAYA,22.0,7.6,7.1,51.0,2.0,2.6,37.0,81.0,2012
2012-12-18,3373,"WAH BLEI AT RIANGDO, WEST KHASI HILLS",MEGHALAYA,20.0,7.7,7.1,46.0,1.6,3.93,8.0,22.0,2012
2012-12-19,3374,"WAH BLEI AT SHDADDKHAR, WEST KHASI HILLS",MEGHALAYA,20.0,7.7,7.1,49.0,1.9,3.89,11.0,26.0,2012
2012-12-20,2050,TLAWNG UPSTREAM AIZAWL,MIZORAM,24.0,6.5,7.4,297.0,1.0,0.13,26.0,438.0,2012
2012-12-21,2051,TLAWNG DOWNSTREAM AIZAWL,MIZORAM,24.0,6.3,7.5,287.0,0.9,0.14,5.0,204.0,2012
2012-12-22,2052,TUIRIAL UPPER CATCHMENT,MIZORAM,24.0,6.5,7.2,375.0,1.1,0.17,33.0,625.0,2012
2012-12-23,2053,TUIRIAL LOWER CATCHMENT,MIZORAM,24.0,6.9,6.9,349.0,1.1,0.18,38.0,503.0,2012
2012-12-24,1403,GUMTI AT U/S SOUTH TRIPURA,TRIPURA,28.0,6.6,7.8,165.0,1.6,0.52,268.0,316.0,2012
2012-12-25,1404,GUMTI AT D/S SOUTH TRIPURA,TRIPURA,28.0,6.4,8.0,155.0,3.9,0.5,512.0,516.0,2012
2012-12-27,1726,"CHANDRAPUR, AGARTALA D/S OF HAORA RIVER",TRIPURA,27.0,6.5,8.0,168.0,4.2,0.99,488.0,616.0,2012
2013-01-01,1150,"DAMANGANGA AT KACHIGAON U\S AT GIDC WIER,GUJARAT",GUJARAT,27.1,7.3,7.9,693.0,0.5,1.0,161.0,173.0,2013
2013-01-02,1246,"DAMANGANGA AT KACHIGAON D\S (DAMAN), GUJARAT",GUJARAT,27.3,5.0,7.6,1676.0,1.8,8.0,329.0,174.0,2013
2013-01-03,1434,"AMLAKHADI AFTER CONFL. OF W. WATER FROM ANKLESH,GUJARAT",GUJARAT,24.5,6.0,7.7,1863.0,8.6,1.0,47.0,1183.0,2013
2013-01-05,1149,"KOLAK AT PATALIA BDG., GUJARAT",GUJARAT,27.5,5.3,7.8,817.0,2.8,1.0,9.0,23.0,2013
2013-01-07,1860,BALEHWAR KHADI AT N.H. NO 8,GUJARAT,28.4,4.5,8.3,1287.0,1.5,11.0,116.0,5.0,2013
2013-01-08,2082,TRIVENI SANGAM,GUJARAT,27.0,6.7,7.3,198.0,1.8965,0.0,233.0,2.0,2013
2013-01-09,1148,"AMBIKA AT BILIMORA, GUJARAT",GUJARAT,27.6,6.8,8.2,1862.0,2.5,0.87,7.0,64.0,2013
2013-01-11,3205,"UPSTREAM OF RIVER VISHWAMITRI AT ASOD BRIDGE AT N.H. 8 , NEAR GLDEN CHOKDI, ASOD VEMALI ROAD",GUJARAT,27.0,5.0,8.0,198.0,0.7,0.0,233.0,465.0,2013
2013-01-12,3204,"DOWNSTREAM OF RIVER VISHWAMITRI AT KHALIPUR VILLAGE, BEFORE MEETING JAMBUVA RIVER",GUJARAT,27.0,3.0,7.7,198.0,0.4,0.0,233.0,465.0,2013
2013-01-13,1862,KAVERI ON BRIDGE AT BILLIMORANANVALSAD ROAD,GUJARAT,27.0,6.7,8.1,2520.0,7.2,1.0,6.0,41.0,2013
2013-01-15,2072,RIVER BHOGAVO D/S OF SURENDRANAGAR,GUJARAT,29.0,8.2,8.4,606.0,2.9,0.0,233.0,465.0,2013
2013-01-16,,,,27.0,6.7,7.3,198.0,1.8965,0.52,233.0,465.0,2013
2013-01-17,1399,"ZUARI AT D/S OF PT. WHERE KUMBARJRIA CANAL JOINS, GOA",GOA,30.0,5.6,7.5,41.0,2.0,0.08,7022.0,13410.0,2013
2013-01-18,1475,ZUARI AT PANCHAWADI,GOA,30.4,5.5,6.7,209.0,0.8,0.17,1893.0,2915.0,2013
2013-01-20,3181,RIVER ZUARI AT BORIM BRIDGE,GOA,30.8,5.5,7.1,123.0,1.5,0.09,3293.0,6264.0,2013
2013-01-21,3182,RIVER ZUARI AT MARCAIM JETTY,GOA,30.3,5.3,7.3,182.0,1.5,0.08,1976.0,3080.0,2013
2013-01-22,1400,"MANDOVI AT NEGHBOURHOOD OF PANAJI, GOA",GOA,30.1,6.0,7.6,100.0,1.2,0.17,5129.0,6086.0,2013
2013-01-25,1476,"MANDOVI AT TONCA, MARCELA, GOA",GOA,29.9,5.7,6.9,111.0,1.0,0.14,939.0,3061.0,2013
2013-01-26,3185,RIVER MANDOVI AT AMONA BRIDGE,GOA,29.1,6.4,7.1,140.0,1.1,0.1,4464.0,7908.0,2013
2013-01-27,3186,RIVER MANDOVI AT IFFI JETTY,GOA,29.9,6.2,7.8,44.0,2.0,0.06,9429.0,9320.0,2013
2013-02-01,3187,RIVER MANDOVI NEAR HOTEL MARRIOT,GOA,29.8,6.1,7.6,43.0,1.8,0.06,6668.0,9554.0,2013
2013-02-02,1543,"RIVER KALNA AT CHANDELNAN PERNEM, GOA",GOA,27.9,7.0,6.9,64.0,1.1,0.09,1641.0,2841.0,2013
2013-02-06,1548,"RIVER ASSONORA AT ASSONORA, GOA",GOA,28.2,6.6,6.5,62.0,1.0,0.14,4073.0,7190.0,2013
2013-02-07,2276,"RIVER BICHOLIM VARAZAN NAGAR , BICHOLIM",GOA,29.6,7.0,6.8,304.0,2.0,0.49,12140.0,23867.0,2013
2013-02-08,2275,"RIVER CHAPORA NEAR ALORNA FORT ,PERNEM",GOA,28.8,7.0,7.0,55.0,1.2,0.66,1298.0,2813.0,2013
2013-02-10,3189,RIVER CHAPORA AT SIOLIM,GOA,29.5,6.3,7.6,213.0,1.5,0.06,3803.0,7069.0,2013
2013-02-12,1546,"RIVER KHANDEPAR AT OPA NAN PONDA, GOA",GOA,29.8,6.7,6.8,83.0,1.2,0.17,2140.0,3559.0,2013
2013-02-13,2270,"RIVER KHANDEPAR AT CODLI NEAR BRIDGE ,U/S OPA WATERWORKS,SANGUEM",GOA,29.7,7.1,6.6,76.0,1.0,0.12,2367.0,3527.0,2013
2013-02-14,2272,"RIVER KUSHAWATI NEAR BUND AT KEVONA,RIVON,SANGUEM",GOA,28.7,6.7,6.6,107.0,1.3,0.22,2461.0,3757.0,2013
2013-02-15,1545,"RIVER MADAI AT DABOS NAN  VALPOI, GOA",GOA,27.9,7.2,6.7,89.0,0.9,0.06,832.0,1996.0,2013
2013-02-17,2274,RIVER MAPUSA ON CULVERT ON HIGHWAY MAPUSANANPANAJI,GOA,29.3,4.2,6.7,192.0,2.0,0.16,4448.0,9286.0,2013
2013-02-18,2271,"RIVER SAL PAZORKHONI,CUNCOLIM(NEAR CULVERT MARGAONAN CANACONA NATIONAL HIGHWAY)",GOA,28.6,6.3,6.6,79.0,1.6,0.19,2830.0,6054.0,2013
2013-02-20,2273,"RIVER SAL NEAR HOTEL LEELA MOBOR,CAVELOSSIM",GOA,29.8,5.6,7.7,142.0,1.7,0.14,1831.0,3644.0,2013
2013-02-21,3183,"RIVER SAL AT KHAREBAND, MARGAO",GOA,28.6,2.8,6.4,424.0,3.2,0.35,12658.0,21036.0,2013
2013-02-22,3184,"RIVER SAL AT ORLIM BRIDGE, ORLIM",GOA,30.6,5.2,7.1,306.0,2.6,0.34,1411.0,1525.0,2013
2013-02-23,3190,RIVER SINQUERIM (CANDOLIM SIDE NEAR BRIDGE),GOA,30.3,5.6,7.7,40.0,1.5,0.07,4153.0,7130.0,2013
2013-02-24,3191,RIVER SINQUERIM NEAR NERUL TEMPLE,GOA,30.4,5.5,7.7,40.0,1.5,0.08,7086.0,12282.0,2013
2013-02-25,1547,"RIVER TALPONA AT CANACONA, GOA",GOA,29.6,6.9,6.7,63.0,0.9,0.21,691.0,1132.0,2013
2013-02-26,3188,RIVER TIRACOL AT TIRACOL,GOA,29.6,6.3,7.6,227.0,1.7,0.08,3622.0,3612.0,2013
2013-02-27,1544,"RIVER VALVANT AT SANKLI NAN BICHOLIM, GOA",GOA,29.5,7.1,6.6,68.0,1.1,0.13,4124.0,8167.0,2013
2013-02-28,2651,"AMBA RIVER AT D/S OF WAKEN BRIDGENANU/S OF JS PETROCHEMICALS, WAKENPHATA, ROHA",MAHARASHTRA,26.7,6.9,7.7,121.0,3.3,1.0,77.0,163.0,2013
2013-03-01,1461,"BHATSA AT D/S OF PISE DAM NEAR PISE VILLAGE (ULHAS), MAHARASHTRA",MAHARASHTRA,29.3,7.2,8.2,112.0,3.3,1.0,39.0,94.0,2013
2013-03-02,2653,"BHATSA RIVER AT D/S OF LIBERTY OIL MILLS, SATNEL, SHAHAPUR, THANE",MAHARASHTRA,28.0,6.9,7.7,103.0,3.7,0.57,48.0,103.0,2013
2013-03-04,2654,"BHATSA RIVER AT U/S OF LIBERTY OIL MILLS, SATNEL, SHAHAPUR, THANE",MAHARASHTRA,28.2,6.9,7.6,104.0,3.5,0.75,37.0,79.0,2013
2013-03-05,1092,"KALU AT ATALE VILLAGE, MAHARASHTRA",MAHARASHTRA,26.5,6.4,7.4,1003.0,4.3,2.89,524.0,753.0,2013
2013-03-06,2670,"KAN RIVER, NEAR SAKRI WATER WORKS, SAKRI, DHULE.",MAHARASHTRA,20.7,6.3,8.3,408.0,2.7,1.58,64.0,157.0,2013
2013-03-07,1152,"KUNDALIKA AT ROHA CITY, MAHARASHTRA",MAHARASHTRA,27.2,6.7,7.8,105.0,3.6,1.0,43.0,89.0,2013
2013-03-09,2198,KUNDALIKA RIVER AT ARE KHURD ( SALINE ZONE ),MAHARASHTRA,27.5,6.3,7.6,209.0,4.4,1.86,48.0,98.0,2013
2013-03-10,2671,"KUNDALIKA RIVER NEAR SALAV BRIDGE (SALINA ZONE), SALAV, ROHA, RAIGAD",MAHARASHTRA,26.0,5.9,7.6,13768.0,5.0,1.79,166.0,300.0,2013
2013-03-11,2672,"KUNDALIKA RIVER AT DHATAV AT JACKWELL (DRINKING WATER  PUMPING STATIONNANSWEET ZONE), ROHA",MAHARASHTRA,26.5,7.3,7.7,86.0,3.2,1.0,50.0,93.0,2013
2013-03-12,2168,MITHI RIVER,MAHARASHTRA,27.0,3.6,7.4,6487.0,30.5,1.5,534.0,745.0,2013
2013-03-13,2676,"MUCHKUNDI RIVER AT  WAKED,RATNAGIRI, NEAR M/S ASAHI INDIA GLASS LTD., LANJA, RATNAGIRI.",MAHARASHTRA,27.3,6.3,8.3,999.0,3.3,1.78,4.0,112.0,2013
2013-03-14,1151,"PATALGANGA AT SHILPHATA, MAHARASHTRA",MAHARASHTRA,28.7,7.2,7.7,125.0,3.3,1.0,39.0,89.0,2013
2013-03-16,1462,"PATALGANGA NEAR INTAKE OF MIDC W/W, MAHARASHTRA",MAHARASHTRA,28.4,7.1,7.5,127.0,3.4,4.4,17.0,63.0,2013
2013-03-17,2685,"PATALGANGA RIVER AT D/S OF KHARPADA BRIDGE, RAIGAD.",MAHARASHTRA,28.7,7.1,7.4,5300.0,38.0,1.0,388.0,667.0,2013
2013-03-18,2686,"PATALGANGA RIVER AT VYAL PUMP HOUSE , KHALAPUR, RAIGAD.",MAHARASHTRA,28.7,7.2,7.6,127.0,3.2,1.0,22.0,51.0,2013
2013-03-20,2687,"PATALGANGA RIVER AT KHALAPUR PUMPING STATION, KHALAPUR, RAIGAD.",MAHARASHTRA,28.7,7.0,7.6,126.0,3.3,1.0,20.0,63.0,2013
2013-03-21,2688,"PATALGANGA RIVER AT SAVROLI BRIDGE, KHALAPUR, RAIGAD.",MAHARASHTRA,28.7,7.2,7.6,126.0,3.4,1.89,29.0,64.0,2013
2013-03-22,2689,"PATALGANGA RIVER AT GAGANGIRI MAHARAJ TEMPLE, KHOPOLI, RAIGAD.",MAHARASHTRA,28.7,7.1,7.8,112.0,3.2,0.63,43.0,88.0,2013
2013-03-23,2199,SAVITRI RIVER AT OVALE VILLAGE.,MAHARASHTRA,29.3,6.8,7.7,9590.0,3.6,4.57,3.0,124.0,2013
2013-03-24,2701,"SAVITRI RIVER JACKWELL AT UPSA KENDRE, NANGALWADI, MAHAD, RAIGAD",MAHARASHTRA,28.3,6.8,7.4,174.0,3.7,2.26,4.0,124.0,2013
2013-03-25,2702,"SAVITRI RIVER AT SHEDAV DOH, MAHAD,RAIGAD",MAHARASHTRA,28.7,6.8,7.6,2572.0,3.3,4.22,4.0,118.0,2013
2013-03-27,2703,"SAVITRI RIVER AT DADLI BRIDGE, DADLI, MAHAD, RAIGADH",MAHARASHTRA,29.2,6.7,7.8,6030.0,4.4,4.78,4.0,138.0,2013
2013-03-28,2704,"SAVITRI RIVER AT MUTHAVALI VILLAGE, MAHAD, RAIGADH",MAHARASHTRA,28.7,6.8,7.7,7207.0,3.9,4.25,3.0,120.0,2013
2013-04-01,2706,"SURYA RIVER, U/S OF SURYA DAM, DHAMMI, VIKRAMGAD, THANE",MAHARASHTRA,27.2,6.8,8.1,167.0,3.8,1.0,32.0,85.0,2013
2013-04-03,2707,"SURYA RIVER AT MIDC PUMPING STATION, GARVASHET, PALGHAR, THANE",MAHARASHTRA,27.2,6.8,8.0,173.0,3.5,1.0,53.0,98.0,2013
2013-04-04,2708,"SURYA RIVER AT INTAKE OF VASAINANVIRAR W/S SCHEME, MASVAN, PALGHAR, THANE",MAHARASHTRA,27.2,7.0,8.0,168.0,3.6,1.0,44.0,83.0,2013
2013-04-05,2709,"TANSA RIVER NEAR ROAD BRIDGE, VILLAGE DAKEWALI, WADA, THANE",MAHARASHTRA,28.0,6.9,7.9,131.0,3.5,0.75,41.0,96.0,2013
2013-04-08,1094,"ULHAS AT U/S OF BADLAPUR, MAHARASHTRA",MAHARASHTRA,26.2,7.0,7.6,125.0,3.5,0.6,33.0,63.0,2013
2013-04-09,2162,ULHAS RIVER ATJAMBHUL WATER WORKS.,MAHARASHTRA,26.2,7.2,7.5,132.0,3.3,0.9,38.0,88.0,2013
2013-04-10,2712,"VAITARNA RIVER NEAR ROAD BRIDGE, GANDHARE VILLAGE, WADA, THANE.",MAHARASHTRA,28.2,7.2,7.7,119.0,3.3,1.0,35.0,68.0,2013
2013-04-11,2164,VASHISTI RIVER AT U/S OF THREE M PAPER MILLS NEAR M/S MULTIFILMS PLASTIC PVT. LTD. AT KHERDI.,MAHARASHTRA,24.5,6.9,7.5,159.0,2.8,1.0,3.0,82.0,2013
2013-04-12,2713,"VASHISHTI RIVER AT D/S OF THREE M PAPER MILLS NEAR CHIPLUN WATER INTAKE JACKWELL, KHERDI, RATNAGIRI",MAHARASHTRA,24.5,6.7,7.7,141.0,3.3,3.0,4.0,90.0,2013
2013-04-13,2714,"VASHISHTI RIVER AT U/S OF POPHALI NEAR KONPHANSAWANE BRIDGE, CHIPLUN, RATNAGIRI",MAHARASHTRA,24.5,7.3,7.7,132.0,2.9,2.0,3.0,88.0,2013
2013-04-15,1342,"ACHENKOIL AT THUMPAMON, KERALA",KERALA,24.0,6.4,7.3,76.0,1.7,0.62,199.0,788.0,2013
2013-04-16,1443,"ACHENKOIL AT CHENNITHULA, KERALA",KERALA,24.9,6.0,7.1,85.0,1.7,0.53,262.0,538.0,2013
2013-04-17,3465,"ACHENKOIL AT KALLARAKADAVU, PATHANAMTHITTA",KERALA,24.3,6.3,7.1,69.0,1.3,0.57,248.0,593.0,2013
2013-04-19,3466,"ACHENKOIL AT PANDALAM (NEAR AYYAPPA TEMPLE), PATHANAMTHITTA",KERALA,24.8,6.5,7.3,76.0,1.6,0.55,226.0,545.0,2013
2013-04-20,2297,R ANCHARAKANDY AT MERUVAMBA,KERALA,26.4,6.7,6.6,60.0,1.2,0.34,228.0,435.0,2013
2013-04-21,2319,R ANCHARAKANDY AT MERUVAMBA,KERALA,27.0,7.0,6.6,3544.0,1.5,0.37,208.0,435.0,2013
2013-04-24,2286,R AYROOR AT AYROOR BRIDGE,KERALA,26.6,6.7,7.3,51.0,0.8,0.35,547.0,1567.0,2013
2013-04-25,2331,R BHARATHAPUZHA AT KUTTIPPURAM,KERALA,28.6,6.9,7.7,107.0,0.7,0.46,255.0,443.0,2013
2013-04-26,2332,R BHARATHAPUZHA AT PATTAMBI,KERALA,28.8,6.7,7.9,173.0,0.9,0.56,191.0,426.0,2013
2013-04-27,1154,"CHALAKUDY AT PULICKALKANANDAVU, KERALA",KERALA,28.0,5.6,6.9,126.0,1.2,0.67,266.0,990.0,2013
2013-05-01,20,"CHALIYAR AT KOOLIMADU, KERALA",KERALA,27.4,7.3,7.4,70.0,0.8,0.31,2984.0,4208.0,2013
2013-05-06,21,"CHALIYAR AT CHUNGAPALLY, KERALA",KERALA,27.5,6.9,7.4,12754.0,0.8,0.29,1807.0,2557.0,2013
2013-05-07,3464,"CHALIYAR AT NILAMBUR, MALAPPURAM",KERALA,26.8,7.1,7.4,80.0,0.6,0.5,1921.0,2831.0,2013
2013-05-08,1572,"CHANDRAGIRI AT PADIYATHADKA, KERALA",KERALA,30.0,7.2,6.9,62.0,1.3,0.11,33.0,150.0,2013
2013-05-09,1573,"CHITRAPUZHA AT IRUMPANAM, KERALA",KERALA,28.8,3.4,6.7,2965.0,2.3,1.11,271.0,1236.0,2013
2013-05-10,2295,R CORAPUZHA AT KANAYANKODE,KERALA,27.4,6.1,7.2,15871.0,0.9,0.25,1667.0,2975.0,2013
2013-05-12,1564,"R ITHIKKARA AT AYUR, KERALA",KERALA,24.8,6.4,7.2,120.0,1.9,0.77,258.0,618.0,2013
2013-05-13,2287,R ITHIKKARA AT ITHIKKARA,KERALA,23.6,6.2,7.2,7448.0,2.0,1.01,184.0,483.0,2013
2013-05-16,1566,"R KADALUNDI AT THIRURANGADY, KERALA",KERALA,29.8,6.6,6.9,77.0,1.6,0.29,264.0,756.0,2013
2013-05-17,2293,R KADALUNDI AT HAJIRAPPALLY,KERALA,30.2,6.8,7.0,72.0,1.7,0.2,249.0,785.0,2013
2013-05-19,2337,R KADAMBAYAR AT BRAHMAPURAM,KERALA,28.2,2.9,6.7,305.0,2.2,1.28,403.0,1623.0,2013
2013-05-21,2338,R KADAMBAYAR AT MANCKAKADAVU,KERALA,27.7,3.0,6.6,86.0,2.0,0.39,357.0,1319.0,2013
2013-05-22,42,"KALLADA AT PERUMTHOTTAMKADAVU, PUNALOOR, KERALA",KERALA,23.9,6.7,7.1,79.0,1.6,0.34,313.0,738.0,2013
2013-05-23,3460,"KALPATHI PUZHA AT KALPATHI, PALAKKAD",KERALA,27.8,6.1,7.8,2905.0,1.3,0.54,422.0,997.0,2013
2013-05-24,3458,KARAPUZHA DAM AT WAYANAD,KERALA,26.4,6.9,7.4,112.0,0.5,0.35,50.0,67.0,2013
2013-05-25,1571,"R KARINGODE AT KAKKADAVU,  KERALA",KERALA,29.6,7.0,6.9,51.0,1.1,0.18,44.0,317.0,2013
2013-05-27,1155,"KARAMANA AT MOONNATTUMUKKU, KERALA",KERALA,27.0,3.1,7.2,1416.0,13.2,4.41,2992.0,19917.0,2013
2013-06-01,3471,"RIVER KARAMANA AT ARUVIKARA, THIRUVANANTHAPURAM",KERALA,26.3,7.0,7.1,30.0,0.5,0.32,211.0,496.0,2013
2013-06-03,2289,R KARUVANNURR AT KARUVANNUR BRIDGE,KERALA,30.0,6.1,7.0,59.0,1.8,0.58,89.0,282.0,2013
2013-06-04,2301,R KAVVAI AT KUTTIYOL PALAM,KERALA,28.0,6.0,6.4,61.0,2.1,0.28,87.0,300.0,2013
2013-06-05,2291,R KEECHERI AT VADAKKANCHERY BRIDGE,KERALA,30.1,6.3,7.0,105.0,2.8,0.37,142.0,543.0,2013
2013-06-06,2326,R KORAYAR AT KANJIKODE,KERALA,27.9,6.9,8.1,502.0,0.9,0.72,382.0,615.0,2013
2013-06-07,1569,"R KUPPAM AT THALIPARAMBA, KERALA",KERALA,27.0,5.9,6.7,14662.0,1.5,0.52,144.0,377.0,2013
2013-06-08,2298,R KUPPAM AT RAYAROM,KERALA,26.0,7.8,6.8,49.0,1.4,0.3,122.0,319.0,2013
2013-06-09,1567,"R KUTTIYADE AT KUTTIYADY ESTATE, KERALA",KERALA,27.7,7.1,7.4,380.0,1.0,0.14,1527.0,66382.0,2013
2013-06-11,1568,"R MAHE AT VALAYAM, KERALA",KERALA,27.1,7.3,7.2,67.0,0.9,0.38,6490.0,3471.0,2013
2013-06-13,2285,R MAMOM AT MAMOM BRIDGE,KERALA,26.5,6.2,7.2,51.0,0.8,0.23,331.0,942.0,2013
2013-06-14,1340,"MANIMALA  AT KALLOOPARA, KERALA",KERALA,28.5,7.2,6.8,69.0,1.2,0.45,706.0,941.0,2013
2013-06-15,1384,"MANIMALA AT THONDRA, KERALA",KERALA,28.7,6.9,6.7,75.0,2.5,0.4,526.0,701.0,2013
2013-06-17,3459,"MANIYANKODE PUZHA AT MANIYANKODE BRIDGE, WAYANAD",KERALA,25.7,6.3,7.4,113.0,0.6,0.88,98.0,128.0,2013
2013-06-18,2307,R MANJESWAR AT BAJRAKKARA BR.,KERALA,29.3,7.6,6.8,79.0,1.6,0.31,48.0,109.0,2013
2013-06-19,1339,"MEENACHIL AT KIDANGOOR, KERALA",KERALA,27.0,7.0,7.2,57.0,0.6,0.46,2117.0,3558.0,2013
2013-06-20,43,"MUVATTAPUZHA AT VETTIKKATTUMUKKU, KERALA",KERALA,27.1,6.8,7.2,105.0,0.6,0.39,1200.0,2392.0,2013
2013-06-21,2302,R NEELASWARAM AT NAMBIARKAL DAM,KERALA,30.3,6.3,6.7,2315.0,1.3,0.17,55.0,278.0,2013
2013-06-22,1570,"R NEELESWARAM AT HOSDURG, KERALA",KERALA,30.4,6.4,6.9,18569.0,1.0,0.27,40.0,277.0,2013
2013-06-23,1563,"R NEYYAR AT AMARAVILA, KERALA",KERALA,26.2,6.6,7.3,45.0,0.6,0.39,228.0,940.0,2013
2013-06-24,2284,R NEYYAR AT ARUVIPURAM,KERALA,26.2,6.9,7.2,42.0,0.5,0.18,151.0,774.0,2013
2013-06-27,2288,R PALLICKAL AT NELLIMUKAL,KERALA,25.1,6.0,7.3,92.0,1.7,0.56,256.0,597.0,2013
2013-07-01,1156,"PAMBA AT CHENGANNUR, KERALA",KERALA,27.4,6.1,7.2,59.0,0.7,1.04,181.0,311.0,2013
2013-07-02,1341,"PAMBA AT THAKAZHY, KERALA",KERALA,28.1,4.5,6.9,1190.0,0.7,1.17,218.0,388.0,2013
2013-07-04,1565,"PAMBA DOWN, KERALA",KERALA,28.3,4.2,7.0,69.0,0.6,1.04,240.0,420.0,2013
2013-07-05,17,"PERIYAR NEAR ALWAYENANELOOR, KERALA",KERALA,28.2,6.0,7.0,5569.0,2.2,0.68,473.0,1894.0,2013
2013-07-07,18,"PERIYAR AT KALADY, KERALA",KERALA,27.2,7.3,7.0,34.0,1.0,0.27,234.0,927.0,2013
2013-07-09,1338,"PERIYAR AT SEWAGE DISCHARGE POINT, KERALA",KERALA,27.4,6.3,7.0,44.0,1.6,0.32,487.0,1876.0,2013
2013-07-10,2333,RIVER PERIYAR AT MUPPATHADAM,KERALA,28.2,6.4,7.2,49.0,1.4,0.23,362.0,1357.0,2013
2013-07-11,2334,RIVER PERIYAR AT PATHALAM,KERALA,27.9,5.9,7.0,3272.0,2.2,0.62,330.0,1284.0,2013
2013-07-13,2335,R PERIYAR AT KALAMASSERY,KERALA,27.3,4.6,7.0,65.0,1.7,0.28,631.0,1937.0,2013
2013-07-16,2336,R PERIYAR AT PURAPPALLIKAVU,KERALA,28.2,6.5,6.9,4650.0,2.0,1.0,340.0,1573.0,2013
2013-07-17,3468,"PERIYAR AT KWA INTAKENAN ALUVA, ERNAKULAM",KERALA,28.2,6.5,7.0,42.0,1.4,1.0,249.0,1221.0,2013
2013-07-19,2300,R PERUVAMBA AT CHANDAPPURA,KERALA,26.7,6.4,6.4,45.0,1.2,1.0,142.0,376.0,2013
2013-07-20,2303,R PULLUR AT PULLUR BR.,KERALA,28.0,6.0,6.1,56.0,1.2,0.0,136.0,438.0,2013
2013-07-21,2290,R PUZHACKAL AT PUZHACKAL BRIDGE,KERALA,29.7,5.3,6.8,99.0,2.8,0.79,106.0,523.0,2013
2013-07-23,2305,R SHRIYA AT ANGADIMOGARU,KERALA,28.9,6.9,6.7,66.0,1.8,0.0,93.0,205.0,2013
2013-07-24,2296,R THALLASSERY AT PATHIPPALAM,KERALA,26.4,6.0,6.6,67.0,1.5,3.69,168.0,398.0,2013
2013-07-25,2292,R THIRUR AT THALAKKADATHUR BRIDGE,KERALA,30.0,4.9,6.8,9107.0,1.6,1.0,208.0,614.0,2013
2013-07-27,3473,"RIVER VALAPATTANAM AT PARASSINIKADAVU, KANNUR",KERALA,27.8,6.6,6.8,15525.0,1.1,0.06,149.0,347.0,2013
2013-07-28,1442,"VAMANAPURAM, KERALA",KERALA,26.7,7.1,7.5,46.0,0.8,1.0,239.0,1097.0,2013
2013-08-01,1448,"NAGAVALLI AT THOTAPALLI REGULATOR, A.P.",ANDHRA PRADESH,27.0,6.0,7.3,432.0,1.2,3.0,3.0,78.0,2013
2013-08-02,2352,"RIVER VAMSHADHARA, KALINGAPATNAM,VIZIANAGARAM",ANDHRA PRADESH,26.8,6.1,7.7,328.0,1.2,1.0,3.0,211.0,2013
2013-08-04,3080,"U/S OF KARAKAVAGU AT PALONCHA,  KHAMMAM, A.P.",ANDHRA PRADESH,19.0,5.8,7.8,707.0,0.6,0.85,2.0,1100.0,2013
2013-08-05,3081,"D/S OF KARAKAVAGU AT PALONCHA,  KHAMMAM, A.P.",ANDHRA PRADESH,21.4,6.1,8.0,674.0,0.9,1.0,2.0,1260.0,2013
2013-08-06,1444,"KALI AT D/S WEST COAST PAPER MILL, KARNATAKA",KARNATAKA,27.1,7.3,7.3,164.0,2.3,1.0,115.0,336.0,2013
2013-08-08,2780,"KALI AT U/S OF WCPM, DANDELI, KARNATAKA",KARNATAKA,26.3,7.6,7.4,122.0,2.4,1.0,223.0,834.0,2013
2013-08-09,1894,KUMARADHARA NAN U/S OF UPPINAGADY TOWN BEFORE CONFLUENCE WITH RIVER NETHRAVATHI,KARNATAKA,28.3,6.5,7.1,95.0,1.0,0.0,156.0,212.0,2013
2013-08-12,1892,NETRAVATHI U/S OF DHARMASTALA AT WATER SUPPLY INTAKE POINT,KARNATAKA,27.9,6.5,7.1,56.0,1.0,0.0,30.0,79.0,2013
2013-08-13,2423,"BUDHABALANGA, D/S OF BARIPADA TOWN",ORISSA,23.4,7.5,7.8,237.0,1.4,0.89,8281.0,18918.0,2013
2013-08-15,2424,BUDHABALANGA AT BALASORE D/S,ORISSA,23.5,7.6,7.6,3688.0,2.3,2.66,19264.0,32918.0,2013
2013-08-18,2425,"RIVER KERANDI(INTAKE WELL OF NALCO REFINARY, HAL, SUNABEDA)",ORISSA,22.4,7.3,7.5,82.0,1.2,1.58,15816.0,17512.0,2013
2013-08-19,2422,"NAGAVALLI AT PENTA U/S, JAYKAYPUR TOWN",ORISSA,26.8,7.5,8.0,202.0,1.4,1.89,11771.0,23191.0,2013
2013-08-20,1642,"NAGAVALLI AT JAYKAYPUR D/S, ORISSA",ORISSA,26.5,7.3,7.9,232.0,2.9,2.23,9026.0,30836.0,2013
2013-08-21,1643,"NAGAVALLI AT RAYAGADA D/S, ORISSA",ORISSA,22.0,7.4,7.9,246.0,2.3,1.9,1850.0,3900.0,2013
2013-08-23,1455,"RUSHIKULYA AT GANJAM U/S, ORISSA",ORISSA,27.6,6.9,8.1,3960.0,2.0,2.26,19058.0,22523.0,2013
2013-08-25,2426,VANSADHARA AT MUNIGUDA (D/S OF M/S VEDANTAALUMINA PROJECT),ORISSA,25.6,7.2,7.8,201.0,1.3,1.59,29937.0,31034.0,2013
2013-08-26,2427,VANSADHARA ATGUNUPUR (INTERSTATE BOUNDRY),ORISSA,26.5,7.3,8.0,221.0,1.2,2.26,16103.0,5289.0,2013
2013-08-27,1685,"ARASALAR RIVER KARAIKAL REGION, PONDICHERRY",PONDICHERRY,24.0,6.7,7.8,198.0,1.0,1.0,233.0,465.0,2013
2013-08-28,2442,GAUTAMINANGODAVARI RIVER,PONDICHERRY,28.0,8.0,7.7,401.0,1.8965,1.0,233.0,465.0,2013
2013-09-01,2443,GAUTAMINANGODAVARI RIVER,PONDICHERRY,28.0,8.0,8.2,1886.0,4.0,1.0,233.0,465.0,2013
2013-09-02,2444,CORINGA RIVER,PONDICHERRY,28.0,7.0,8.2,742.0,5.0,1.0,233.0,465.0,2013
2013-09-03,2445,MAHE RIVER,PONDICHERRY,27.0,7.0,6.4,149.0,4.0,1.0,233.0,465.0,2013
2013-09-04,1450,"PALAR AT VANIYAMBADI WATER SUPPLY HEAD WORK, TAMILNADU",TAMILNADU,27.8,6.7,7.5,1088.0,1.7,0.0,194.0,474.0,2013
2013-09-06,1159,"TAMBIRAPARANI AT BDG.NR. MADURA COATS LTD.PAPAVINASAM,TAMILNADU",TAMILNADU,23.4,7.2,6.5,73.0,3.1,0.0,19.0,59.0,2013
2013-09-07,1160,"TAMBIRAPARANI AT CHERANMADEVI,CAUSE WAY,TAMILNADU",TAMILNADU,25.4,6.7,6.3,98.0,3.3,1.5,21.0,74.0,2013
2013-09-09,1161,"TAMBIRAPARANI AT TIRUNELVELI,COLLECTORATE,TAMILNADU.",TAMILNADU,26.3,6.3,6.5,143.0,4.0,4.0,38.0,124.0,2013
2013-09-10,1162,"TAMBIRAPARANI AT MURAPPANADU, TAMILNADU",TAMILNADU,29.0,6.6,6.9,260.0,5.4,1.0,17.0,53.0,2013
2013-09-11,1328,"TAMBIRAPARANI AT PAPPANKULAM,TAMILNADU",TAMILNADU,24.6,7.1,6.3,71.0,3.5,1.0,24.0,82.0,2013
2013-09-13,1329,"TAMBIRAPARANI AT RAIL BDG. NR. AMBASAMUDAM, TAMILNADU",TAMILNADU,23.5,6.9,6.3,65.0,3.5,0.0,17.0,52.0,2013
2013-09-14,1330,"TAMBIRAPARANI AT ARUMUGANERI, TAMILNADU",TAMILNADU,29.0,7.3,7.1,607.0,3.6,0.88,33.0,104.0,2013
2013-09-15,3025,"TAMBIRAPARANI AT ERAL, THOTHUKUDI, TAMILNADU",TAMILNADU,27.0,6.1,7.0,446.0,5.2,0.56,26.0,77.0,2013
2013-09-17,3026,"TAMBIRAPARANI AT KALLIDAI KURICHI, TIRUNELVELI, TAMILNADU",TAMILNADU,24.0,6.9,6.4,94.0,3.2,1.59,20.0,65.0,2013
2013-09-18,3027,"TAMBIRAPARANI AT SRIVAIKUNTAM, D/S OF SK ANAICUT, TIRUNELVELI, TAMILNADU",TAMILNADU,28.7,6.8,6.8,451.0,9.4,0.55,22.0,58.0,2013
2013-09-19,3028,"TAMBIRAPARANI AT VELLAKOIL, TIRUNELVELI, TAMILNADU",TAMILNADU,26.3,6.0,6.6,169.0,3.9,2.0,22.0,84.0,2013
2013-09-20,3029,"TAMBIRAPARANI AT SIVALAPERI, CONFLUENCE POINT OF KUTTRALAM FALLS, D/S OF PALAYAMKOTTAI, TIRUNELVELI, TAMILNADU",TAMILNADU,25.7,6.5,6.7,187.0,3.3,3.0,32.0,113.0,2013
2013-09-21,,,,27.0,6.7,7.3,198.0,1.8965,0.52,233.0,465.0,2013
2013-09-22,1023,"GHAGGAR AT MUBARAKPUR REST HOUSE (PATIALA), PUNJAB",PUNJAB,23.3,5.5,7.2,636.0,9.7,4.0,1328.0,4975.0,2013
2013-09-23,1024,"GHAGGAR AT 100M D/S CONF. WITH R. SARASWATI (PATIALA),PUNJAB",PUNJAB,22.8,4.7,7.3,1088.0,23.8,4.0,28250.0,56000.0,2013
2013-09-24,1295,"GHAGGAR NEAR BANKARPUR,DERA BASSI,PUNJAB",PUNJAB,23.3,5.3,7.2,689.0,11.3,4.0,1350.0,6025.0,2013
2013-09-26,1473,"GHAGGAR AT RATANHERI, D/S OF PATIALA NADI (AFTER CONFL.), PUNJAB",PUNJAB,21.8,4.9,7.3,1267.0,23.5,3.0,24750.0,54250.0,2013
2013-09-28,1698,"D/S CHHATBIR, PUNJAB",PUNJAB,24.3,5.3,7.4,852.0,13.0,4.0,13775.0,26750.0,2013
2013-10-01,1699,"U/S DHAKANSU NALLAH, PUNJAB",PUNJAB,23.5,4.9,7.5,977.0,16.5,5.0,12375.0,30500.0,2013
2013-10-03,1700,"D/S DHAKANSU NALLAH, PUNJAB",PUNJAB,24.0,4.4,7.4,1256.0,24.8,6.0,25250.0,55250.0,2013
2013-10-04,1701,"D/S JHARMAL NADI, PUNJAB",PUNJAB,23.5,4.8,7.2,1021.0,20.3,4.0,22875.0,43700.0,2013
2013-10-06,1702,"U/S JHARMAL NADI, PUNJAB",PUNJAB,23.3,5.1,7.3,971.0,14.8,5.0,2125.0,8425.0,2013
2013-10-07,1703,"GHAGGER AT MOONAK, PUNJAB",PUNJAB,22.5,4.6,7.4,1284.0,24.3,4.0,21500.0,50000.0,2013
2013-10-08,1704,"D/S SARDULGARH, PUNJAB",PUNJAB,26.0,4.0,7.4,1096.0,26.0,3.0,31750.0,57500.0,2013
2013-10-10,1705,"U/S SARDULGARH, PUNJAB",PUNJAB,25.8,4.4,7.3,1002.0,21.5,4.0,21000.0,43750.0,2013
2013-10-11,1025,"GHAGGAR GHNAN1 AT ROAD BRDG. SIRSA,DEBWALI ROAD,HARYANA",HARYANA,27.0,6.7,6.9,910.0,13.0,0.0,233.0,465.0,2013
2013-10-12,1026,"GHAGGAR GHNAN2 AT CHANDARPUR SYPHON,  HARYANA",HARYANA,27.0,6.7,6.5,930.0,15.0,0.0,233.0,465.0,2013
2013-10-13,1884,RIVER GHAGGAR AT D/S OF SURAJPUR,HARYANA,27.0,5.0,7.3,198.0,33.9,0.0,233.0,465.0,2013
2013-10-14,1887,GHAGGAR BEFORE OTTU WEIR (BEFORE MIXING OF SATLUJ CANAL WATER) (HARYANA),HARYANA,27.0,6.7,6.7,960.0,18.0,0.0,233.0,465.0,2013
2013-10-15,1718,"GAGGAR RIVER WHEN ENTERING IN RAJASTHAN FROM HARYANA NEAR RD NO. 629, RAJASTHAN",RAJASTHAN,30.7,4.8,7.6,295.0,0.8,0.0,4.0,9.0,2013
2013-10-16,1871,"RIVER MARKANDA AT PAONTA, DISTT. SIRMOUR, H.P.",HIMACHAL PRADESH,20.3,7.1,7.5,293.0,1.3,0.0,9.0,19.0,2013
2013-10-17,2624,MARKANDA U/S KALA AMB,HIMACHAL PRADESH,20.7,7.1,7.5,316.0,1.4,0.0,13.0,22.0,2013
2013-10-18,2625,MARKANDA D/S KALA AMB/ BOUNDARY OF HARYANA,HIMACHAL PRADESH,20.8,6.6,7.5,274.0,1.6,0.0,14.0,24.0,2013
2013-10-19,1870,"RIVER SUKHANA AT PARWANOO, DISTT. SOLAN, H.P.",HIMACHAL PRADESH,20.6,4.9,7.4,407.0,16.3,0.0,51.0,120.0,2013
2013-10-20,2947,"RIVER JAWAI AT JAWAI DAM, SIROHI, RAJASTHAN",RAJASTHAN,28.0,4.9,8.3,603.0,1.0,0.0,4.0,5.0,2013
2013-10-21,1717,"KODRA DAM, MOUNT ABU, RAJASTHAN",RAJASTHAN,23.4,5.5,7.4,138.0,0.8,0.0,4.0,6.0,2013
2013-10-24,2948,"RIVER BANDI AT HEMAWAS DAM, PALI, RAJASTHAN",RAJASTHAN,25.3,5.5,8.1,625.0,1.1,0.0,4.0,6.0,2013
2013-10-25,1719,"GAGGAR RIVER D/S HANUMANGARH NEAR 2 KNJ NAI ABADI, MAKKASR, RAJASTHAN",RAJASTHAN,31.1,5.0,7.3,305.0,1.7,0.0,4.0,12.0,2013
2013-10-26,2949,"RIVER LUNI AT RANAKPUR DAM, RANAKPUR, PALI, RAJASTHAN",RAJASTHAN,26.3,5.6,8.1,552.0,1.1,0.0,4.0,6.0,2013
2013-10-27,3305,"RIVER BANJAR AT MALANJKHAND NEAR W/S INTAKE POINT, JABALPUR",MADHYA PRADESH,22.0,7.3,7.3,402.0,2.1,0.0,4.0,32.0,2013
2013-11-01,3383,"BUGI RIVER AT MIBANPARA, SOUTH GARO HILLS",MEGHALAYA,24.4,7.2,7.3,99.0,2.2,1.0,26.0,57.0,2013
2013-11-02,3384,"BUGI RIVER AT DALU, SOUTH GARO HILLS",MEGHALAYA,23.7,7.2,7.4,102.0,2.2,1.0,25.0,56.0,2013
2013-11-04,3380,"DAMRING RIVER (KRISHNEI RIVER) AT RESUBELPARA, EAST GARO HILLS",MEGHALAYA,24.6,7.6,7.2,72.0,1.8,2.56,24.0,57.0,2013
2013-11-05,1632,"GANOL RIVER TURA, MEGHALAYA",MEGHALAYA,23.1,7.1,7.5,131.0,2.2,3.2,239.0,413.0,2013
2013-11-07,3369,"KYNSHI RIVER AT SOHIONG, WEST KHASI HILLS",MEGHALAYA,18.2,7.3,7.1,47.0,1.3,2.0,15.0,48.0,2013
2013-11-08,3370,"KYNSHI RIVER AT NANGKHNUM, WEST KHASI HILLS",MEGHALAYA,18.8,7.6,7.2,52.0,1.2,2.0,16.0,36.0,2013
2013-11-09,3371,"KYNSHI RIVER AT RANIKOR, WEST KHASI HILLS",MEGHALAYA,23.8,8.0,6.9,64.0,1.8,3.38,23.0,49.0,2013
2013-11-10,3372,RILANG RIVER,MEGHALAYA,17.8,7.9,7.3,46.0,1.4,1.0,12.0,29.0,2013
2013-11-11,3373,WAH BLEI,MEGHALAYA,18.7,7.4,7.2,53.0,1.9,3.0,14.0,32.0,2013
2013-11-13,3374,WAH BLEI,MEGHALAYA,18.8,7.7,7.2,55.0,1.6,3.0,15.0,63.0,2013
2013-11-14,3376,LUKHA RIVER,MEGHALAYA,22.6,7.1,6.5,237.0,3.8,4.56,674.0,1072.0,2013
2013-11-17,3381,"MANDA RIVER (DUDHAI RIVER) AT JAMPA, EAST GARO HILLS",MEGHALAYA,25.2,7.8,7.2,50.0,1.6,1.77,20.0,41.0,2013
2013-11-18,3382,"MANDA RIVER (DUDHAI RIVER) AT WAGAISI, EAST GARO HILLS",MEGHALAYA,24.8,7.3,7.3,71.0,2.0,2.66,21.0,47.0,2013
2013-11-20,3377,"MYNTANG RIVER AT NARTIANG, JAYANTIA HILLS",MEGHALAYA,19.9,7.3,7.0,91.0,1.8,3.3,20.0,45.0,2013
2013-11-22,3378,"MYNTANG RIVER AT MYNSO, JAYANTIA HILLS",MEGHALAYA,20.7,7.4,7.1,49.0,1.7,2.44,19.0,42.0,2013
2013-11-24,1631,"MYNTDU RIVER JOWAI, MEGHALAYA",MEGHALAYA,20.6,6.5,7.1,99.0,2.7,3.56,1967.0,2722.0,2013
2013-11-25,3379,"MYNTDU RIVER AT LESHKA, JAYANTIA HILLS",MEGHALAYA,21.5,7.5,5.7,50.0,1.5,2.21,10.0,23.0,2013
2013-11-26,3367,"NONBAH RIVER AT NANGSTOIN MARKE, WEST KHASI HILLS",MEGHALAYA,17.7,5.8,6.9,68.0,3.1,4.9,197.0,463.0,2013
2013-11-27,3368,"NONBAH RIVER AT NANGSTOIN MARKE, WEST KHASI HILLS",MEGHALAYA,17.9,6.9,7.2,44.0,1.4,2.66,14.0,33.0,2013
2013-11-28,1633,"SIMSANG RIVER WILLIAMNAGAR, MEGHALAYA",MEGHALAYA,23.9,7.8,7.3,93.0,1.9,2.99,264.0,444.0,2013
2013-12-02,3353,"UMIAM MAWPHLANG RIVER AT NONGKREM, EAST KHASI HILLS",MEGHALAYA,18.0,6.6,7.0,66.0,2.3,4.0,29.0,63.0,2013
2013-12-03,3354,"UMIAM MAWPHLANG RIVER AT UMTYNGNGAR, EAST KHASI HILLS",MEGHALAYA,18.4,7.6,7.1,53.0,1.7,3.0,23.0,53.0,2013
2013-12-04,3355,"UMIAM MAWPHLANG RIVER AT MAWPHLANG, EAST KHASI HILLS",MEGHALAYA,18.8,7.8,7.0,47.0,1.4,2.0,8.0,35.0,2013
2013-12-06,3356,"UMIAM MAWPHLANG RIVER AT SHELLA, EAST KHASI HILLS",MEGHALAYA,24.8,7.7,7.4,128.0,1.6,3.32,25.0,56.0,2013
2013-12-07,3350,UMKHEN AT WAHKDAIT,MEGHALAYA,19.3,7.1,7.0,54.0,1.8,2.58,20.0,43.0,2013
2013-12-08,3351,UMKHEN AT KSEHPONGDENG,MEGHALAYA,20.6,7.4,7.0,69.0,1.6,3.3,17.0,87.0,2013
2013-12-09,3352,"UMKHEN RIVER AT DIENGPASOH, EAST KHASI HILLS",MEGHALAYA,20.7,7.5,7.2,58.0,1.6,2.25,21.0,46.0,2013
2013-12-12,3357,"UMNGOT RIVER AT SMIT, EAST KHASI HILLS",MEGHALAYA,17.6,7.2,6.9,55.0,1.7,3.04,26.0,56.0,2013
2013-12-13,3358,"UMNGOT RIVER AT DAWKI, EAST KHASI HILLS",MEGHALAYA,22.7,7.9,7.1,55.0,1.2,3.55,23.0,50.0,2013
2013-12-15,3363,"UMSHYRPI RIVER AT RISA COLONY, EAST KHASI HILLS",MEGHALAYA,17.9,6.9,6.9,52.0,2.2,3.48,1576.0,45.0,2013
2013-12-16,3365,"UMSHYRPI RIVER AT UMSHYRPI BRIDGE, EAST KHASI HILLS",MEGHALAYA,19.4,4.5,7.1,196.0,15.5,11.0,48611.0,43333.0,2013
2013-12-18,1427,"UMTREW AT BYRNIHAT EAST, MEGHALAYA",MEGHALAYA,23.7,7.2,7.1,107.0,6.7,5.56,303.0,476.0,2013
2013-12-19,3366,"UMTREW RIVER AT UMRAN, RINAN BHOI",MEGHALAYA,22.7,7.5,7.0,82.0,2.1,3.02,45.0,122.0,2013
2013-12-20,2050,TLAWNG UPSTREAM AIZAWL,MIZORAM,23.6,7.1,7.5,189.0,1.9,1.0,233.0,465.0,2013
2013-12-21,2051,TLAWNG DOWNSTREAM AIZAWL,MIZORAM,23.8,7.0,7.6,197.0,1.8,1.0,233.0,465.0,2013
2013-12-22,2052,TUIRIAL UPPER CATCHMENT,MIZORAM,23.5,7.2,7.9,158.0,1.9,0.95,233.0,465.0,2013
2013-12-23,2053,TUIRIAL LOWER CATCHMENT,MIZORAM,23.5,6.5,7.8,161.0,1.8,0.99,233.0,465.0,2013
2013-12-25,1403,"GUMTI AT U/S SOUTH TRIPURA,TRIPURA",TRIPURA,27.4,6.6,7.7,165.0,1.7,0.0,280.0,325.0,2013
2013-12-26,1404,"GUMTI AT D/S SOUTH TRIPURA, TRIPURA",TRIPURA,21.9,6.7,7.8,167.0,4.8,1.0,440.0,520.0,2013
2013-12-28,1726,"CHANDRAPUR, AGARTALA D/S OF HAORA RIVER, TRIPURA",TRIPURA,27.5,6.6,7.7,183.0,3.7,1.55,415.0,575.0,2013
2014-01-02,1393,"DAMANGANGA AT D/S OF MADHUBAN, DAMAN",DAMAN & DIU,30.6,6.7,7.5,203.0,1.8965,0.1,11.0,27.0,2014
2014-01-03,1399,"ZUARI AT D/S OF PT. WHERE KUMBARJRIA CANAL JOINS, GOA",GOA,29.8,5.7,7.2,189.0,2.0,0.2,4953.0,8391.0,2014
2014-01-04,1475,ZUARI AT PANCHAWADI,GOA,29.5,6.3,6.9,179.0,1.7,0.1,3243.0,5330.0,2014
2014-01-05,3181,RIVER ZUARI AT BORIM BRIDGE,GOA,29.7,5.8,6.9,64.0,3.8,0.5,5382.0,8443.0,2014
2014-01-06,3182,RIVER ZUARI AT MARCAIM JETTY,GOA,29.5,5.8,7.3,83.0,1.9,0.4,3428.0,5500.0,2014
2014-01-07,1400,"MANDOVI AT NEGHBOURHOOD OF PANAJI, GOA",GOA,30.0,5.5,7.4,81.0,1.5,0.1,2853.0,4049.0,2014
2014-01-08,1476,"MANDOVI AT TONCA, MARCELA, GOA",GOA,29.2,6.1,6.7,308.0,1.4,0.3,3355.0,5672.0,2014
2014-01-10,3185,RIVER MANDOVI AT AMONA BRIDGE,GOA,29.6,6.4,6.7,414.0,1.0,0.2,6073.0,9423.0,2014
2014-01-12,3186,RIVER MANDOVI AT IFFI JETTY,GOA,30.0,6.4,7.6,305.0,2.2,0.1,3478.0,4990.0,2014
2014-01-13,3187,RIVER MANDOVI NEAR HOTEL MARRIOT,GOA,30.1,6.3,7.6,77.0,2.3,0.1,2606.0,4301.0,2014
2014-01-14,1543,"RIVER KALNA AT CHANDELNAN PERNEM, GOA",GOA,27.8,7.1,7.1,176.0,1.2,0.1,4573.0,7817.0,2014
2014-01-15,1548,"RIVER ASSONORA AT ASSONORA, GOA",GOA,27.9,6.7,6.4,93.0,1.4,0.1,2147.0,3433.0,2014
2014-01-17,2276,"RIVER BICHOLIM VARAZAN NAGAR , BICHOLIM",GOA,29.3,7.4,6.8,121.0,1.7,0.4,11633.0,18125.0,2014
2014-01-21,2275,"RIVER CHAPORA NEAR ALORNA FORT ,PERNEM",GOA,29.2,6.9,7.0,620.0,1.1,0.1,3500.0,6300.0,2014
2014-01-23,3189,RIVER CHAPORA AT SIOLIM,GOA,30.0,6.0,7.5,72.0,1.6,0.2,4995.0,9517.0,2014
2014-01-28,1546,"RIVER KHANDEPAR AT OPA NAN PONDA, GOA",GOA,29.0,7.3,7.0,247.0,1.5,0.2,1095.0,2453.0,2014
2014-02-01,2270,"RIVER KHANDEPAR AT CODLI NEAR BRIDGE ,U/S OPA WATERWORKS,SANGUEM",GOA,29.1,7.3,7.0,188.0,1.0,0.1,1286.0,3048.0,2014
2014-02-02,2272,"RIVER KUSHAWATI NEAR BUND AT KEVONA,RIVON,SANGUEM",GOA,28.7,7.0,6.9,224.0,1.2,0.3,3896.0,6742.0,2014
2014-02-03,1545,"RIVER MADAI AT DABOS NAN  VALPOI, GOA",GOA,28.7,7.3,6.7,144.0,1.5,0.1,1940.0,3052.0,2014
2014-02-04,2274,RIVER MAPUSA ON CULVERT ON HIGHWAY MAPUSANANPANAJI,GOA,29.5,5.3,6.8,319.0,1.8,0.3,6458.0,10250.0,2014
2014-02-06,2271,"RIVER SAL PAZORKHONI,CUNCOLIM(NEAR CULVERT MARGAONAN CANACONA NATIONAL HIGHWAY)",GOA,29.0,6.3,6.4,79.0,1.6,1.4,7592.0,12842.0,2014
2014-02-07,2273,"RIVER SAL NEAR HOTEL LEELA MOBOR,CAVELOSSIM",GOA,29.4,5.4,7.6,39.0,1.4,0.1,3176.0,6367.0,2014
2014-02-08,3184,"RIVER SAL AT ORLIM BRIDGE, ORLIM",GOA,30.1,5.2,7.1,192.0,2.6,0.3,5073.0,8925.0,2014
2014-02-09,3190,RIVER SINQUERIM (CANDOLIM SIDE NEAR BRIDGE),GOA,30.3,5.6,7.5,282.0,1.8,0.1,3205.0,5082.0,2014
2014-02-14,3191,RIVER SINQUERIM NEAR NERUL TEMPLE,GOA,30.5,5.5,7.4,275.0,1.5,0.1,4698.0,8625.0,2014
2014-02-17,1547,"RIVER TALPONA AT CANACONA, GOA",GOA,29.1,7.3,6.7,55.0,1.4,0.1,2638.0,4003.0,2014
2014-02-18,3188,RIVER TIRACOL AT TIRACOL,GOA,30.1,6.5,7.5,415.0,2.0,0.1,864.0,1538.0,2014
2014-02-19,1544,"RIVER VALVANT AT SANKLI NAN BICHOLIM, GOA",GOA,29.2,7.2,6.3,100.0,1.5,0.1,7942.0,13575.0,2014
2014-02-20,2651,"AMBA RIVER AT D/S OF WAKEN BRIDGENANU/S OF JS PETROCHEMICALS, WAKENPHATA, ROHA",MAHARASHTRA,25.1,6.6,7.8,95.0,4.9,0.2,16.0,36.0,2014
2014-02-23,1461,"BHATSA AT D/S OF PISE DAM NEAR PISE VILLAGE (ULHAS), MAHARASHTRA",MAHARASHTRA,29.6,6.9,7.9,99.0,5.0,0.4,15.0,34.0,2014
2014-02-24,2653,"BHATSA RIVER AT D/S OF LIBERTY OIL MILLS, SATNEL, SHAHAPUR, THANE",MAHARASHTRA,27.4,6.8,7.7,85.0,5.2,0.3,11.0,23.0,2014
2014-02-25,2654,"BHATSA RIVER AT U/S OF LIBERTY OIL MILLS, SATNEL, SHAHAPUR, THANE",MAHARASHTRA,27.8,6.7,7.8,80.0,4.9,0.3,12.0,29.0,2014
2014-02-26,1092,"KALU AT ATALE VILLAGE, MAHARASHTRA",MAHARASHTRA,30.6,5.1,7.3,3937.0,10.3,1.8,31.0,83.0,2014
2014-03-01,2670,"KAN RIVER, NEAR SAKRI WATER WORKS, SAKRI, DHULE.",MAHARASHTRA,25.0,5.6,7.9,468.0,3.6,1.9,66.0,164.0,2014
2014-03-02,1152,"KUNDALIKA AT ROHA CITY, MAHARASHTRA",MAHARASHTRA,25.0,6.4,7.6,541.0,5.7,0.6,23.0,45.0,2014
2014-03-03,2198,KUNDALIKA RIVER AT ARE KHURD ( SALINE ZONE ),MAHARASHTRA,25.0,5.5,7.4,6166.0,7.7,1.1,44.0,67.0,2014
2014-03-04,2672,"KUNDALIKA RIVER AT DHATAV AT JACKWELL (DRINKING WATER  PUMPING STATIONNANSWEET ZONE), ROHA",MAHARASHTRA,25.1,6.7,7.6,83.0,4.8,0.2,28.0,76.0,2014
2014-03-05,2168,MITHI RIVER,MAHARASHTRA,26.1,3.6,7.4,4424.0,31.3,2.2,276.0,474.0,2014
2014-03-08,2676,"MUCHKUNDI RIVER AT  WAKED,RATNAGIRI, NEAR M/S ASAHI INDIA GLASS LTD., LANJA, RATNAGIRI.",MAHARASHTRA,21.4,7.2,7.7,226.0,3.1,0.8,233.0,130.0,2014
2014-03-09,1151,"PATALGANGA AT SHILPHATA, MAHARASHTRA",MAHARASHTRA,27.4,5.9,7.4,268.0,6.4,0.4,37.0,68.0,2014
2014-03-10,1462,"PATALGANGA NEAR INTAKE OF MIDC W/W, MAHARASHTRA",MAHARASHTRA,27.1,5.4,7.5,2413.0,7.4,1.5,59.0,116.0,2014
2014-03-12,2685,"PATALGANGA RIVER AT D/S OF KHARPADA BRIDGE, RAIGAD.",MAHARASHTRA,27.2,5.8,7.3,384.0,5.4,0.6,37.0,78.0,2014
2014-03-15,2686,"PATALGANGA RIVER AT VYAL PUMP HOUSE , KHALAPUR, RAIGAD.",MAHARASHTRA,27.3,5.9,7.4,269.0,5.1,1.2,34.0,60.0,2014
2014-03-16,2687,"PATALGANGA RIVER AT KHALAPUR PUMPING STATION, KHALAPUR, RAIGAD.",MAHARASHTRA,27.0,6.0,7.3,269.0,8.5,0.4,32.0,58.0,2014
2014-03-18,2688,"PATALGANGA RIVER AT SAVROLI BRIDGE, KHALAPUR, RAIGAD.",MAHARASHTRA,27.2,6.1,7.3,196.0,6.1,0.5,30.0,63.0,2014
2014-03-20,2689,"PATALGANGA RIVER AT GAGANGIRI MAHARAJ TEMPLE, KHOPOLI, RAIGAD.",MAHARASHTRA,27.0,5.9,7.4,269.0,6.4,0.4,19.0,47.0,2014
2014-03-22,2696,"PEHLAR DAM ON PEHLAR RIVER INLET OF WATER WORKS, VASAI, THANE.",MAHARASHTRA,22.6,6.3,7.8,223.0,4.6,0.9,15.0,32.0,2014
2014-03-24,2199,SAVITRI RIVER AT OVALE VILLAGE.,MAHARASHTRA,28.4,6.7,7.3,9293.0,3.5,1.8,233.0,0.0,2014
2014-03-25,2701,"SAVITRI RIVER JACKWELL AT UPSA KENDRE, NANGALWADI, MAHAD, RAIGAD",MAHARASHTRA,28.0,6.8,7.2,170.0,3.1,1.4,233.0,0.0,2014
2014-03-26,2702,"SAVITRI RIVER AT SHEDAV DOH, MAHAD,RAIGAD",MAHARASHTRA,27.6,6.8,7.3,4175.0,3.3,1.6,233.0,0.0,2014
2014-03-28,2703,"SAVITRI RIVER AT DADLI BRIDGE, DADLI, MAHAD, RAIGADH",MAHARASHTRA,27.9,6.9,7.3,4282.0,3.3,1.6,233.0,0.0,2014
2014-04-02,2704,"SAVITRI RIVER AT MUTHAVALI VILLAGE, MAHAD, RAIGADH",MAHARASHTRA,28.1,6.9,7.3,5551.0,3.4,1.7,233.0,0.0,2014
2014-04-03,2706,"SURYA RIVER, U/S OF SURYA DAM, DHAMMI, VIKRAMGAD, THANE",MAHARASHTRA,27.1,6.8,7.9,5390.0,4.9,0.8,15.0,28.0,2014
2014-04-04,2707,"SURYA RIVER AT MIDC PUMPING STATION, GARVASHET, PALGHAR, THANE",MAHARASHTRA,27.6,6.6,8.1,161.0,4.6,0.3,16.0,32.0,2014
2014-04-05,2708,"SURYA RIVER AT INTAKE OF VASAINANVIRAR W/S SCHEME, MASVAN, PALGHAR, THANE",MAHARASHTRA,27.3,6.7,8.0,138.0,5.0,0.3,14.0,33.0,2014
2014-04-07,2709,"TANSA RIVER NEAR ROAD BRIDGE, VILLAGE DAKEWALI, WADA, THANE",MAHARASHTRA,27.8,6.7,7.8,81.0,4.9,0.3,14.0,35.0,2014
2014-04-09,1093,"ULHAS AT U/S OF NRC BUND AT MOHANE, MAHARASHTRA",MAHARASHTRA,28.0,5.9,7.7,194.0,5.5,0.6,22.0,51.0,2014
2014-04-11,1094,"ULHAS AT U/S OF BADLAPUR, MAHARASHTRA",MAHARASHTRA,28.1,6.3,7.6,186.0,4.6,0.6,13.0,31.0,2014
2014-04-12,2162,ULHAS RIVER ATJAMBHUL WATER WORKS.,MAHARASHTRA,28.6,6.6,7.6,207.0,4.7,0.7,12.0,31.0,2014
2014-04-13,2712,"VAITARNA RIVER NEAR ROAD BRIDGE, GANDHARE VILLAGE, WADA, THANE.",MAHARASHTRA,26.9,6.8,7.7,85.0,5.0,0.4,15.0,34.0,2014
2014-04-14,2164,VASHISTI RIVER AT U/S OF THREE M PAPER MILLS NEAR M/S MULTIFILMS PLASTIC PVT. LTD. AT KHERDI.,MAHARASHTRA,23.0,7.1,7.4,176.0,2.7,0.9,233.0,30.0,2014
2014-04-15,2713,"VASHISHTI RIVER AT D/S OF THREE M PAPER MILLS NEAR CHIPLUN WATER INTAKE JACKWELL, KHERDI, RATNAGIRI",MAHARASHTRA,23.0,7.0,7.4,178.0,2.7,0.9,233.0,40.0,2014
2014-04-16,2714,"VASHISHTI RIVER AT U/S OF POPHALI NEAR KONPHANSAWANE BRIDGE, CHIPLUN, RATNAGIRI",MAHARASHTRA,23.0,7.2,7.2,180.0,2.7,1.0,233.0,70.0,2014
2014-04-17,1342,"ACHENKOIL AT THUMPAMON, KERALA",KERALA,25.1,6.7,7.5,85.0,1.4,1.0,183.0,420.0,2014
2014-04-18,1443,"ACHENKOIL AT CHENNITHULA, KERALA",KERALA,24.6,5.8,7.4,77.0,1.4,0.8,285.0,691.0,2014
2014-04-19,3465,"ACHENKOIL AT KALLARAKADAVU, PATHANAMTHITTA",KERALA,25.7,6.6,7.5,75.0,1.4,0.7,183.0,448.0,2014
2014-04-20,3466,"ACHENKOIL AT PANDALAM (NEAR AYYAPPA TEMPLE), PATHANAMTHITTA",KERALA,24.8,6.7,7.5,82.0,1.4,1.0,161.0,443.0,2014
2014-04-21,2297,R ANCHARAKANDY AT MERUVAMBA,KERALA,27.3,6.7,6.9,56.0,0.9,0.2,82.0,172.0,2014
2014-04-22,2319,R ANCHARAKANDY AT MERUVAMBA,KERALA,27.5,6.5,6.7,2240.0,1.2,0.2,136.0,304.0,2014
2014-04-23,2286,R AYROOR AT AYROOR BRIDGE,KERALA,25.2,6.3,6.9,73.0,1.6,0.0,787.0,2008.0,2014
2014-04-25,2331,R BHARATHAPUZHA AT KUTTIPPURAM,KERALA,29.9,7.0,7.4,130.0,0.7,0.1,301.0,590.0,2014
2014-04-28,2332,R BHARATHAPUZHA AT PATTAMBI,KERALA,29.8,6.6,7.7,191.0,1.6,0.2,362.0,661.0,2014
2014-05-02,1154,"CHALAKUDY AT PULICKALKANANDAVU, KERALA",KERALA,27.8,6.9,6.9,134.0,1.1,0.4,249.0,531.0,2014
2014-05-03,20,"CHALIYAR AT KOOLIMADU, KERALA",KERALA,26.7,7.0,7.5,80.0,0.8,0.4,2573.0,3583.0,2014
2014-05-04,21,"CHALIYAR AT CHUNGAPALLY, KERALA",KERALA,25.8,6.7,7.4,14526.0,0.8,0.6,1411.0,1969.0,2014
2014-05-05,3464,"CHALIYAR AT NILAMBUR, MALAPPURAM",KERALA,26.4,7.2,7.4,82.0,0.7,0.5,840.0,1311.0,2014
2014-05-06,1572,"CHANDRAGIRI AT PADIYATHADKA, KERALA",KERALA,29.8,7.5,7.2,67.0,1.1,0.1,76.0,590.0,2014
2014-05-08,1573,"CHITRAPUZHA AT IRUMPANAM, KERALA",KERALA,28.6,3.0,6.6,965.0,1.7,1.2,247.0,530.0,2014
2014-05-11,2295,R CORAPUZHA AT KANAYANKODE,KERALA,26.9,5.9,7.4,17990.0,0.7,0.5,1888.0,2803.0,2014
2014-05-12,1564,"R ITHIKKARA AT AYUR, KERALA",KERALA,26.0,6.7,7.5,90.0,1.6,0.9,199.0,473.0,2014
2014-05-13,2287,R ITHIKKARA AT ITHIKKARA,KERALA,23.6,6.1,7.4,4429.0,2.0,1.6,243.0,550.0,2014
2014-05-14,1566,"R KADALUNDI AT THIRURANGADY, KERALA",KERALA,30.3,6.7,6.9,87.0,1.7,0.2,155.0,350.0,2014
2014-05-15,2293,R KADALUNDI AT HAJIRAPPALLY,KERALA,30.7,6.9,6.8,85.0,1.6,0.2,82.0,206.0,2014
2014-05-16,2338,R KADAMBAYAR AT MANCKAKADAVU,KERALA,28.2,2.5,6.9,83.0,1.9,0.3,353.0,656.0,2014
2014-05-17,42,"KALLADA AT PERUMTHOTTAMKADAVU, PUNALOOR, KERALA",KERALA,24.8,7.2,7.6,75.0,1.4,1.0,188.0,426.0,2014
2014-05-18,3460,"KALPATHI PUZHA AT KALPATHI, PALAKKAD",KERALA,29.2,6.1,7.6,281.0,1.2,0.7,384.0,718.0,2014
2014-05-20,3458,KARAPUZHA DAM AT WAYANAD,KERALA,26.6,6.7,7.6,106.0,0.5,2.5,44.0,71.0,2014
2014-05-21,1571,"R KARINGODE AT KAKKADAVU,  KERALA",KERALA,30.4,7.6,7.1,58.0,1.2,0.1,163.0,961.0,2014
2014-05-24,3471,"RIVER KARAMANA AT ARUVIKARA, THIRUVANANTHAPURAM",KERALA,25.1,7.4,7.0,35.0,0.1,0.0,165.0,409.0,2014
2014-05-25,2289,R KARUVANNURR AT KARUVANNUR BRIDGE,KERALA,28.9,6.4,7.2,63.0,1.3,0.4,121.0,535.0,2014
2014-05-26,2301,R KAVVAI AT KUTTIYOL PALAM,KERALA,28.8,5.4,6.7,65.0,1.1,0.3,60.0,144.0,2014
2014-06-01,2291,R KEECHERI AT VADAKKANCHERY BRIDGE,KERALA,29.3,5.6,7.3,90.0,1.6,0.4,268.0,705.0,2014
2014-06-02,2326,R KORAYAR AT KANJIKODE,KERALA,29.5,7.1,8.0,728.0,1.2,0.4,374.0,697.0,2014
2014-06-03,1569,"R KUPPAM AT THALIPARAMBA, KERALA",KERALA,28.4,5.9,6.8,13953.0,1.5,0.4,70.0,166.0,2014
2014-06-05,2298,R KUPPAM AT RAYAROM,KERALA,26.9,7.4,6.9,57.0,1.1,0.3,70.0,159.0,2014
2014-06-06,1567,"R KUTTIYADE AT KUTTIYADY ESTATE, KERALA",KERALA,25.8,7.2,7.2,41.0,0.7,0.2,441.0,658.0,2014
2014-06-07,1568,"R MAHE AT VALAYAM, KERALA",KERALA,26.6,6.5,7.4,71.0,0.6,0.3,4192.0,7018.0,2014
2014-06-08,2285,R MAMOM AT MAMOM BRIDGE,KERALA,25.3,6.8,7.1,81.0,0.8,0.0,389.0,1268.0,2014
2014-06-09,1340,"MANIMALA  AT KALLOOPARA, KERALA",KERALA,28.2,6.8,6.9,68.0,1.7,0.1,449.0,660.0,2014
2014-06-10,1384,"MANIMALA AT THONDRA, KERALA",KERALA,28.5,6.6,7.0,70.0,1.4,0.1,550.0,822.0,2014
2014-06-11,3459,"MANIYANKODE PUZHA AT MANIYANKODE BRIDGE, WAYANAD",KERALA,27.6,6.4,7.7,100.0,0.6,0.9,56.0,88.0,2014
2014-06-12,2307,R MANJESWAR AT BAJRAKKARA BR.,KERALA,29.0,7.3,6.9,96.0,1.9,0.2,89.0,825.0,2014
2014-06-13,1339,"MEENACHIL AT KIDANGOOR, KERALA",KERALA,27.5,6.8,6.6,49.0,0.5,0.4,1719.0,2950.0,2014
2014-06-15,43,"MUVATTAPUZHA AT VETTIKKATTUMUKKU, KERALA",KERALA,27.8,6.9,6.8,59.0,0.6,0.5,1916.0,3375.0,2014
2014-06-16,2302,R NEELASWARAM AT NAMBIARKAL DAM,KERALA,30.2,7.1,6.8,14410.0,1.8,0.1,65.0,468.0,2014
2014-06-19,1563,"R NEYYAR AT AMARAVILA, KERALA",KERALA,25.3,6.7,7.1,66.0,0.6,0.0,222.0,626.0,2014
2014-06-20,2284,R NEYYAR AT ARUVIPURAM,KERALA,25.3,7.2,7.0,59.0,0.6,0.0,165.0,433.0,2014
2014-06-22,2288,R PALLICKAL AT NELLIMUKAL,KERALA,25.8,6.0,7.6,120.0,1.3,1.1,212.0,523.0,2014
2014-06-23,1156,"PAMBA AT CHENGANNUR, KERALA",KERALA,27.2,5.2,6.8,55.0,0.6,0.7,171.0,313.0,2014
2014-06-27,1341,"PAMBA AT THAKAZHY, KERALA",KERALA,28.1,4.8,6.8,86.0,0.7,0.8,208.0,332.0,2014
2014-06-28,1565,"PAMBA DOWN, KERALA",KERALA,28.3,3.9,6.9,62.0,0.5,0.7,155.0,284.0,2014
2014-07-01,17,"PERIYAR NEAR ALWAYENANELOOR, KERALA",KERALA,28.1,5.0,6.9,3185.0,1.8,0.4,290.0,667.0,2014
2014-07-04,18,"PERIYAR AT KALADY, KERALA",KERALA,27.7,7.0,7.0,36.0,1.1,0.2,276.0,541.0,2014
2014-07-06,1338,"PERIYAR AT SEWAGE DISCHARGE POINT, KERALA",KERALA,28.0,6.3,6.9,64.0,1.2,0.3,381.0,815.0,2014
2014-07-07,2333,RIVER PERIYAR AT MUPPATHADAM,KERALA,28.2,6.2,6.9,86.0,1.3,0.2,372.0,1007.0,2014
2014-07-08,2334,RIVER PERIYAR AT PATHALAM,KERALA,28.0,5.7,6.8,2640.0,1.9,0.5,385.0,759.0,2014
2014-07-09,2335,R PERIYAR AT KALAMASSERY,KERALA,28.1,5.7,6.9,53.0,3.1,0.4,574.0,1205.0,2014
2014-07-13,2336,R PERIYAR AT PURAPPALLIKAVU,KERALA,28.1,6.6,7.1,2007.0,1.3,0.2,356.0,785.0,2014
2014-07-14,3468,"PERIYAR AT KWA INTAKENAN ALUVA, ERNAKULAM",KERALA,28.1,6.6,7.0,46.0,1.3,0.3,228.0,472.0,2014
2014-07-15,2300,R PERUVAMBA AT CHANDAPPURA,KERALA,27.3,6.5,6.5,43.0,0.9,0.4,87.0,188.0,2014
2014-07-16,2303,R PULLUR AT PULLUR BR.,KERALA,28.3,6.7,6.3,54.0,0.9,0.1,136.0,610.0,2014
2014-07-17,2290,R PUZHACKAL AT PUZHACKAL BRIDGE,KERALA,29.1,4.3,7.2,113.0,1.8,0.4,188.0,796.0,2014
2014-07-18,2299,R RAMAPURAM AT RAMAPURAM BRIDGE,KERALA,28.7,4.6,6.7,12561.0,1.5,0.6,72.0,171.0,2014
2014-07-21,2305,R SHRIYA AT ANGADIMOGARU,KERALA,28.5,7.7,6.9,61.0,1.6,0.0,88.0,554.0,2014
2014-07-23,2296,R THALLASSERY AT PATHIPPALAM,KERALA,26.6,5.8,6.5,61.0,1.0,0.4,70.0,151.0,2014
2014-07-24,2292,R THIRUR AT THALAKKADATHUR BRIDGE,KERALA,31.0,4.5,6.9,1614.0,2.1,0.6,131.0,230.0,2014
2014-07-25,3473,"RIVER VALAPATTANAM AT PARASSINIKADAVU, KANNUR",KERALA,28.8,6.6,7.0,14487.0,0.9,0.3,55.0,103.0,2014
2014-07-26,1442,"VAMANAPURAM, KERALA",KERALA,25.3,6.9,7.5,54.0,0.6,0.0,319.0,1633.0,2014
2014-07-27,1448,"NAGAVALLI AT THOTAPALLI REGULATOR, A.P.",ANDHRA PRADESH,25.9,5.5,7.6,569.0,1.3,0.9,18.0,141.0,2014
2014-08-02,2352,"RIVER VAMSHADHARA, KALINGAPATNAM,VIZIANAGARAM",ANDHRA PRADESH,26.5,5.4,7.8,310.0,0.8,2.4,7.0,107.0,2014
2014-08-04,3080,"U/S OF KARAKAVAGU AT PALONCHA,  KHAMMAM, A.P.",ANDHRA PRADESH,18.9,7.1,7.8,516.0,0.7,0.5,2.0,1238.0,2014
2014-08-05,3081,"D/S OF KARAKAVAGU AT PALONCHA,  KHAMMAM, A.P.",ANDHRA PRADESH,20.5,6.9,8.0,505.0,0.9,0.7,2.0,1563.0,2014
2014-08-08,1444,"KALI AT D/S WEST COAST PAPER MILL, KARNATAKA",KARNATAKA,27.1,7.3,7.3,109.0,2.4,3.4,18.0,65.0,2014
2014-08-09,2780,"KALI AT U/S OF WCPM, DANDELI, KARNATAKA",KARNATAKA,26.3,7.5,7.5,83.0,2.1,2.0,22.0,74.0,2014
2014-08-10,1894,KUMARADHARA NAN U/S OF UPPINAGADY TOWN BEFORE CONFLUENCE WITH RIVER NETHRAVATHI,KARNATAKA,29.1,6.4,7.2,102.0,1.0,0.0,137.0,1223.0,2014
2014-08-11,1892,NETRAVATHI U/S OF DHARMASTALA AT WATER SUPPLY INTAKE POINT,KARNATAKA,28.4,6.5,7.1,92.0,1.0,0.0,155.0,1342.0,2014
2014-08-12,2423,"BUDHABALANGA, D/S OF BARIPADA TOWN",ODISHA,24.7,7.7,7.9,232.0,1.3,0.8,30790.0,40500.0,2014
2014-08-13,2424,BUDHABALANGA AT BALASORE D/S,ODISHA,24.4,7.5,7.8,519.0,2.1,0.7,38700.0,53556.0,2014
2014-08-15,2425,"RIVER KERANDI(INTAKE WELL OF NALCO REFINARY, HAL, SUNABEDA)",ODISHA,22.7,7.3,7.2,103.0,0.7,1.7,4871.0,13810.0,2014
2014-08-18,2422,"NAGAVALLI AT PENTA U/S, JAYKAYPUR TOWN",ODISHA,24.8,7.4,7.9,196.0,0.7,0.6,5323.0,15213.0,2014
2014-08-19,1642,"NAGAVALLI AT JAYKAYPUR D/S, ODISHA",ODISHA,24.0,7.4,7.8,244.0,1.9,1.0,20880.0,12473.0,2014
2014-08-21,1643,"NAGAVALLI AT RAYAGADA D/S, ODISHA",ODISHA,22.8,7.5,8.0,243.0,1.7,0.9,8780.0,30319.0,2014
2014-08-22,1455,"RUSHIKULYA AT GANJAM U/S, ODISHA",ODISHA,26.8,7.2,8.0,296.0,1.5,0.7,1468.0,4314.0,2014
2014-08-23,2426,VANSADHARA AT MUNIGUDA (D/S OF M/S VEDANTAALUMINA PROJECT),ODISHA,25.3,7.5,7.9,194.0,1.0,1.0,2906.0,8559.0,2014
2014-08-25,2427,VANSADHARA ATGUNUPUR (INTERSTATE BOUNDRY),ODISHA,27.1,7.4,7.9,170.0,0.8,0.9,4948.0,16709.0,2014
2014-08-27,1685,"ARASALAR RIVER KARAIKAL REGION, PONDICHERRY",PONDICHERRY,29.0,6.7,7.3,386.0,1.8965,0.2,233.0,465.0,2014
2014-08-28,2445,MAHE RIVER,PONDICHERRY,32.0,6.0,7.1,13000.0,1.8965,0.4,233.0,465.0,2014
2014-09-01,1450,"PALAR AT VANIYAMBADI WATER SUPPLY HEAD WORK, TAMILNADU",TAMILNADU,29.3,6.5,7.4,1063.0,2.0,0.6,177.0,374.0,2014
2014-09-02,1159,"TAMBIRAPARANI AT BDG.NR. MADURA COATS LTD.PAPAVINASAM,TAMILNADU",TAMILNADU,22.8,6.8,6.6,63.0,2.9,0.1,11.0,36.0,2014
2014-09-03,1160,"TAMBIRAPARANI AT CHERANMADEVI,CAUSE WAY,TAMILNADU",TAMILNADU,24.5,6.6,6.4,101.0,2.5,0.2,13.0,41.0,2014
2014-09-04,1161,"TAMBIRAPARANI AT TIRUNELVELI,COLLECTORATE,TAMILNADU.",TAMILNADU,25.5,6.6,6.5,136.0,2.5,0.2,13.0,45.0,2014
2014-09-05,1162,"TAMBIRAPARANI AT MURAPPANADU, TAMILNADU",TAMILNADU,29.0,6.7,6.9,226.0,2.2,0.2,12.0,38.0,2014
2014-09-06,1328,"TAMBIRAPARANI AT PAPPANKULAM,TAMILNADU",TAMILNADU,23.8,6.7,6.3,72.0,2.7,0.2,9.0,32.0,2014
2014-09-07,1329,"TAMBIRAPARANI AT RAIL BDG. NR. AMBASAMUDAM, TAMILNADU",TAMILNADU,22.8,6.7,6.4,61.0,4.6,0.1,10.0,34.0,2014
2014-09-09,1330,"TAMBIRAPARANI AT ARUMUGANERI, TAMILNADU",TAMILNADU,29.0,6.6,7.2,1300.0,2.7,0.2,21.0,60.0,2014
2014-09-10,3025,"TAMBIRAPARANI AT ERAL, THOTHUKUDI, TAMILNADU",TAMILNADU,29.0,6.7,7.0,461.0,2.5,0.1,17.0,51.0,2014
2014-09-11,3026,"TAMBIRAPARANI AT KALLIDAI KURICHI, TIRUNELVELI, TAMILNADU",TAMILNADU,23.0,6.6,6.2,69.0,2.5,0.1,11.0,38.0,2014
2014-09-12,3027,"TAMBIRAPARANI AT SRIVAIKUNTAM, D/S OF SK ANAICUT, TIRUNELVELI, TAMILNADU",TAMILNADU,29.0,6.8,6.9,241.0,2.5,0.1,14.0,48.0,2014
2014-09-13,3028,"TAMBIRAPARANI AT VELLAKOIL, TIRUNELVELI, TAMILNADU",TAMILNADU,25.7,6.5,6.6,159.0,2.4,0.2,11.0,41.0,2014
2014-09-14,3029,"TAMBIRAPARANI AT SIVALAPERI, CONFLUENCE POINT OF KUTTRALAM FALLS, D/S OF PALAYAMKOTTAI, TIRUNELVELI, TAMILNADU",TAMILNADU,25.7,6.6,6.7,170.0,2.5,0.2,10.0,34.0,2014
2014-09-15,1885,RIVER GHAGGAR AT D/S OF SURAJPUR,HARYANA,27.0,6.7,7.3,198.0,1.8965,0.52,233.0,465.0,2014
2014-09-16,1023,"GHAGGAR AT MUBARAKPUR REST HOUSE (PATIALA), PUNJAB",PUNJAB,22.7,5.8,7.2,640.0,6.0,4.3,1450.0,4073.0,2014
2014-09-17,1024,"GHAGGAR AT 100M D/S CONF. WITH R. SARASWATI (PATIALA),PUNJAB",PUNJAB,19.0,4.8,7.6,1090.0,22.0,3.6,30500.0,52500.0,2014
2014-09-18,1295,"GHAGGAR NEAR BANKARPUR,DERA BASSI,PUNJAB",PUNJAB,23.0,5.5,7.3,705.0,10.0,5.0,2020.0,5433.0,2014
2014-09-20,1473,"GHAGGAR AT RATANHERI, D/S OF PATIALA NADI (AFTER CONFL.), PUNJAB",PUNJAB,24.0,5.1,7.4,1375.0,23.7,5.9,27333.0,50333.0,2014
2014-09-22,1698,"D/S CHHATBIR, PUNJAB",PUNJAB,24.7,5.5,7.4,745.0,10.0,6.1,12167.0,29333.0,2014
2014-09-23,1699,"U/S DHAKANSU NALLAH, PUNJAB",PUNJAB,25.0,5.0,7.6,975.0,16.3,6.1,11167.0,21667.0,2014
2014-09-26,1700,"D/S DHAKANSU NALLAH, PUNJAB",PUNJAB,22.0,4.9,7.7,1385.0,27.5,7.7,42500.0,72000.0,2014
2014-09-27,1701,"D/S JHARMAL NADI, PUNJAB",PUNJAB,24.3,5.0,7.3,1067.0,19.3,6.2,21467.0,39533.0,2014
2014-09-28,1702,"U/S JHARMAL NADI, PUNJAB",PUNJAB,23.3,5.3,7.2,970.0,13.3,5.9,3167.0,7133.0,2014
2014-10-01,1703,"GHAGGER AT MOONAK, PUNJAB",PUNJAB,19.5,4.9,7.7,1418.0,21.0,4.2,28000.0,49500.0,2014
2014-10-02,1704,"D/S SARDULGARH, PUNJAB",PUNJAB,21.5,4.1,7.5,1015.0,23.0,6.1,35000.0,57500.0,2014
2014-10-03,1705,"U/S SARDULGARH, PUNJAB",PUNJAB,20.0,4.8,7.4,854.0,17.0,4.7,20500.0,38000.0,2014
2014-10-04,1025,"GHAGGAR GHNAN1 AT ROAD BRDG. SIRSA,DEBWALI ROAD,HARYANA",HARYANA,27.0,6.7,8.2,198.0,19.8,0.0,233.0,465.0,2014
2014-10-05,1026,"GHAGGAR GHNAN2 AT CHANDARPUR SYPHON,  HARYANA",HARYANA,27.0,6.7,7.9,198.0,18.2,0.0,233.0,465.0,2014
2014-10-06,1718,"GAGGAR RIVER WHEN ENTERING IN RAJASTHAN FROM HARYANA NEAR RD NO. 629, RAJASTHAN",RAJASTHAN,32.6,4.0,6.8,370.0,3.0,0.8,4.0,9.0,2014
2014-10-08,1871,"RIVER MARKANDA AT PAONTA, DISTT. SIRMOUR, H.P.",HIMACHAL PRADESH,23.6,7.8,7.8,376.0,1.3,0.4,9.0,17.0,2014
2014-10-09,2624,MARKANDA U/S KALA AMB,HIMACHAL PRADESH,23.9,7.7,7.7,354.0,1.3,0.3,12.0,22.0,2014
2014-10-11,2625,MARKANDA D/S KALA AMB/ BOUNDARY OF HARYANA,HIMACHAL PRADESH,24.5,7.6,7.9,344.0,1.6,0.4,12.0,22.0,2014
2014-10-12,1884,KALA AMB D/S MARKANDA RIVER,HARYANA,27.0,6.7,7.2,198.0,88.0,0.0,233.0,465.0,2014
2014-10-13,1870,"RIVER SUKHANA AT PARWANOO, DISTT. SOLAN, H.P.",HIMACHAL PRADESH,18.1,4.4,7.1,694.0,41.0,1.2,92.0,224.0,2014
2014-10-15,2947,"RIVER JAWAI AT JAWAI DAM, SIROHI, RAJASTHAN",RAJASTHAN,25.1,5.9,8.0,401.0,0.9,0.7,4.0,15.0,2014
2014-10-16,1717,"KODRA DAM, MOUNT ABU, RAJASTHAN",RAJASTHAN,22.3,6.0,7.2,106.0,0.8,0.4,4.0,15.0,2014
2014-10-21,2948,"RIVER BANDI AT HEMAWAS DAM, PALI, RAJASTHAN",RAJASTHAN,23.7,5.6,7.9,326.0,1.1,0.8,4.0,4.0,2014
2014-10-22,2949,"RIVER LUNI AT RANAKPUR DAM, RANAKPUR, PALI, RAJASTHAN",RAJASTHAN,23.9,6.2,8.1,592.0,1.0,0.7,4.0,6.0,2014
2014-10-23,3383,"BUGI RIVER AT MIBANPARA, SOUTH GARO HILLS",MEGHALAYA,25.5,7.2,7.5,119.0,2.3,3.8,33.0,74.0,2014
2014-10-25,3384,"BUGI RIVER AT DALU, SOUTH GARO HILLS",MEGHALAYA,25.1,7.2,7.5,120.0,2.3,4.1,31.0,67.0,2014
2014-11-01,3380,"DAMRING RIVER (KRISHNEI RIVER) AT RESUBELPARA, EAST GARO HILLS",MEGHALAYA,25.2,7.5,7.3,82.0,1.8,2.8,30.0,70.0,2014
2014-11-02,1632,"GANOL RIVER TURA, MEGHALAYA",MEGHALAYA,23.2,7.5,7.5,111.0,2.4,3.0,293.0,506.0,2014
2014-11-03,3369,"KYNSHI RIVER AT SOHIONG, WEST KHASI HILLS",MEGHALAYA,18.3,7.2,7.2,56.0,1.7,2.6,21.0,42.0,2014
2014-11-05,3370,"KYNSHI RIVER AT NANGKHNUM, WEST KHASI HILLS",MEGHALAYA,19.3,7.5,7.2,66.0,1.6,2.5,22.0,44.0,2014
2014-11-06,3371,"KYNSHI RIVER AT RANIKOR, WEST KHASI HILLS",MEGHALAYA,24.0,7.8,7.0,74.0,2.3,4.3,28.0,108.0,2014
2014-11-07,3376,LUKHA RIVER AT SUNAPUR (TRIBUTARY OF LUNAR),MEGHALAYA,21.2,7.3,6.6,274.0,2.5,2.4,176.0,386.0,2014
2014-11-08,3381,"MANDA RIVER (DUDHAI RIVER) AT JAMPA, EAST GARO HILLS",MEGHALAYA,26.3,7.4,7.3,67.0,1.8,2.5,25.0,55.0,2014
2014-11-09,3382,"MANDA RIVER (DUDHAI RIVER) AT WAGAISI, EAST GARO HILLS",MEGHALAYA,25.5,7.2,7.4,82.0,2.0,2.8,26.0,61.0,2014
2014-11-10,3377,"MYNTANG RIVER AT NARTIANG, JAYANTIA HILLS",MEGHALAYA,20.0,7.3,7.1,55.0,1.9,2.5,24.0,53.0,2014
2014-11-11,3378,"MYNTANG RIVER AT MYNSO, JAYANTIA HILLS",MEGHALAYA,20.3,7.3,7.1,57.0,2.0,2.4,24.0,50.0,2014
2014-11-14,1631,"MYNTDU RIVER JOWAI, MEGHALAYA",MEGHALAYA,19.4,6.6,7.1,114.0,2.6,2.8,2142.0,3108.0,2014
2014-11-15,3379,"MYNTDU RIVER AT LESHKA, JAYANTIA HILLS",MEGHALAYA,21.0,7.3,5.6,56.0,1.8,2.1,16.0,34.0,2014
2014-11-16,3367,"NONBAH RIVER AT NANGSTOIN MARKE, WEST KHASI HILLS",MEGHALAYA,19.2,5.1,7.0,105.0,3.6,4.7,351.0,780.0,2014
2014-11-17,3368,"NONBAH RIVER AT NANGSTOIN MARKE, WEST KHASI HILLS",MEGHALAYA,18.3,7.3,7.1,51.0,1.6,2.4,19.0,40.0,2014
2014-11-18,3372,"RILANG RIVER AT MAWKYRWAT, WEST KHASI HILLS",MEGHALAYA,19.6,7.7,7.2,50.0,1.6,2.0,19.0,36.0,2014
2014-11-19,1633,"SIMSANG RIVER WILLIAMNAGAR, MEGHALAYA",MEGHALAYA,23.7,7.6,7.3,115.0,2.1,3.7,301.0,528.0,2014
2014-11-21,3353,"UMIAM MAWPHLANG RIVER AT NONGKREM, EAST KHASI HILLS",MEGHALAYA,18.2,6.2,7.0,81.0,2.4,5.1,36.0,79.0,2014
2014-11-23,3354,"UMIAM MAWPHLANG RIVER AT UMTYNGNGAR, EAST KHASI HILLS",MEGHALAYA,18.8,7.2,7.1,66.0,1.9,3.4,28.0,63.0,2014
2014-11-24,3355,"UMIAM MAWPHLANG RIVER AT MAWPHLANG, EAST KHASI HILLS",MEGHALAYA,18.9,7.4,7.1,57.0,1.5,2.9,13.0,40.0,2014
2014-11-25,3356,"UMIAM MAWPHLANG RIVER AT SHELLA, EAST KHASI HILLS",MEGHALAYA,25.1,7.5,7.4,144.0,1.7,3.5,26.0,59.0,2014
2014-11-27,3350,UMKHEN AT WAHKDAIT,MEGHALAYA,18.8,7.1,7.1,63.0,1.9,5.6,22.0,48.0,2014
2014-12-01,3351,UMKHEN AT KSEHPONGDENG,MEGHALAYA,20.2,7.3,7.2,65.0,1.9,3.3,24.0,48.0,2014
2014-12-02,3352,"UMKHEN RIVER AT DIENGPASOH, EAST KHASI HILLS",MEGHALAYA,20.0,7.3,7.3,65.0,2.0,3.0,25.0,54.0,2014
2014-12-03,3360,"UMKHRAH RIVER ATUMKALIAR, SHILLONG",MEGHALAYA,18.8,3.9,7.1,233.0,17.0,10.5,13174.0,22223.0,2014
2014-12-04,3357,"UMNGOT RIVER AT SMIT, EAST KHASI HILLS",MEGHALAYA,18.2,7.2,7.0,66.0,1.9,3.7,28.0,60.0,2014
2014-12-06,3358,"UMNGOT RIVER AT DAWKI, EAST KHASI HILLS",MEGHALAYA,22.1,7.7,7.2,62.0,1.6,3.0,27.0,59.0,2014
2014-12-07,3363,"UMSHYRPI RIVER AT RISA COLONY, EAST KHASI HILLS",MEGHALAYA,17.6,7.3,6.9,61.0,2.2,2.0,25.0,52.0,2014
2014-12-12,3365,"UMSHYRPI RIVER AT UMSHYRPI BRIDGE, EAST KHASI HILLS",MEGHALAYA,18.7,3.2,7.1,258.0,23.5,10.3,31833.0,54083.0,2014
2014-12-13,1427,"UMTREW AT BYRNIHAT EAST, MEGHALAYA",MEGHALAYA,23.1,7.2,7.2,124.0,6.9,4.5,348.0,552.0,2014
2014-12-14,3366,"UMTREW RIVER AT UMRAN, RINAN BHOI",MEGHALAYA,22.6,7.2,7.1,65.0,2.1,2.4,56.0,120.0,2014
2014-12-16,3373,"WAH BLEI AT RIANGDO, WEST KHASI HILLS",MEGHALAYA,20.0,7.5,7.3,64.0,1.9,3.3,21.0,42.0,2014
2014-12-17,3374,"WAH BLEI AT SHDADDKHAR, WEST KHASI HILLS",MEGHALAYA,19.9,7.6,7.3,65.0,1.9,3.8,21.0,43.0,2014
2014-12-18,2050,TLAWNG UPSTREAM AIZAWL,MIZORAM,24.5,7.1,7.3,269.0,1.4,0.1,233.0,115.0,2014
2014-12-21,2051,TLAWNG DOWNSTREAM AIZAWL,MIZORAM,24.4,7.2,7.3,275.0,1.5,0.1,4.0,68.0,2014
2014-12-22,2052,TUIRIAL UPPER CATCHMENT,MIZORAM,23.6,6.9,7.1,186.0,1.6,0.1,233.0,29.0,2014
2014-12-24,2053,TUIRIAL LOWER CATCHMENT,MIZORAM,23.5,6.8,7.1,201.0,1.4,0.2,233.0,86.0,2014
2014-12-25,1403,"GUMTI AT U/S SOUTH TRIPURA,TRIPURA",TRIPURA,27.3,6.2,7.8,165.0,2.1,0.0,282.0,340.0,2014
2014-12-26,1404,"GUMTI AT D/S SOUTH TRIPURA, TRIPURA",TRIPURA,29.1,6.4,7.8,158.0,4.1,0.5,458.0,500.0,2014
2014-12-27,1726,"CHANDRAPUR, AGARTALA D/S OF HAORA RIVER, TRIPURA",TRIPURA,26.6,6.6,7.9,210.0,4.2,1.9,510.0,572.0,2014
